Date,Item_Sales,Avg_Price,Max_Temp,Min_Temp,Avg_Temp,Precipitation,Store_Hours
2022-01-01,0.0,,,,,,
2022-01-02,232.0,5.049137931034483,,,,,12.0
2022-01-03,135.0,4.916888888888889,,,,,12.0
2022-01-04,38.0,4.542894736842105,,,,,12.0
2022-01-05,77.0,4.731298701298702,,,,,12.0
2022-01-06,177.0,4.938983050847458,,,,,12.0
2022-01-07,144.0,5.054027777777778,,,,,12.5
2022-01-08,186.0,5.264731182795699,,,,,12.5
2022-01-09,185.0,5.0048108108108105,,,,,12.0
2022-01-10,130.0,5.0686923076923085,,,,,12.0
2022-01-11,126.0,4.974047619047619,,,,,12.0
2022-01-12,164.0,4.900060975609756,,,,,12.0
2022-01-13,179.0,4.975921787709497,,,,,12.0
2022-01-14,222.0,4.903648648648648,,,,,12.5
2022-01-15,180.0,4.979,,,,,12.5
2022-01-16,202.0,5.229306930693069,,,,,12.0
2022-01-17,181.0,5.152872928176795,,,,,12.0
2022-01-18,126.0,5.025793650793651,,,,,12.0
2022-01-19,163.0,5.1207975460122706,,,,,12.0
2022-01-20,96.0,4.7696875,,,,,12.0
2022-01-21,111.0,4.999459459459459,,,,,12.5
2022-01-22,186.0,4.963655913978495,,,,,12.5
2022-01-23,200.0,4.9804,,,,,12.0
2022-01-24,131.0,4.8432061068702295,,,,,12.0
2022-01-25,134.0,5.242313432835821,,,,,12.0
2022-01-26,134.0,4.880223880597015,,,,,12.0
2022-01-27,134.0,5.050298507462687,,,,,12.0
2022-01-28,172.0,5.054651162790697,,,,,12.5
2022-01-29,0.0,,,,,,
2022-01-30,121.0,5.185867768595042,,,,,12.0
2022-01-31,99.0,4.587272727272727,,,,,12.0
2022-02-01,137.0,5.073941605839416,,,,,12.0
2022-02-02,139.0,4.796258992805755,,,,,12.0
2022-02-03,165.0,4.95969696969697,,,,,12.0
2022-02-04,132.0,5.231969696969697,,,,,12.5
2022-02-05,176.0,5.1357954545454545,,,,,12.5
2022-02-06,191.0,4.906910994764398,,,,,12.0
2022-02-07,121.0,4.9614049586776865,,,,,12.0
2022-02-08,152.0,4.985131578947368,,,,,12.0
2022-02-09,137.0,4.8794890510948905,,,,,12.0
2022-02-10,181.0,5.0054696132596685,,,,,12.0
2022-02-11,235.0,4.903659574468085,,,,,12.5
2022-02-12,339.0,5.0269616519174045,,,,,12.5
2022-02-13,205.0,5.145512195121951,,,,,12.0
2022-02-14,200.0,5.0832,,,,,12.0
2022-02-15,202.0,5.275297029702971,,,,,12.0
2022-02-16,223.0,4.772600896860986,,,,,12.0
2022-02-17,207.0,5.201449275362319,,,,,12.0
2022-02-18,268.0,5.0555223880597016,,,,,12.5
2022-02-19,319.0,5.199686520376176,,,,,12.5
2022-02-20,374.0,4.961229946524064,,,,,12.0
2022-02-21,281.0,5.026192170818506,,,,,12.0
2022-02-22,230.0,4.879608695652173,,,,,12.0
2022-02-23,347.0,4.958818443804034,,,,,12.0
2022-02-24,300.0,4.943433333333333,,,,,12.0
2022-02-25,99.0,4.9498989898989905,,,,,12.5
2022-02-26,363.0,5.1057851239669425,,,,,12.5
2022-02-27,332.0,5.184156626506025,,,,,12.0
2022-02-28,210.0,5.21752380952381,,,,,12.0
2022-03-01,299.0,4.992374581939799,,,,,12.0
2022-03-02,192.0,5.004270833333334,,,,,12.0
2022-03-03,291.0,4.9402061855670105,,,,,12.0
2022-03-04,344.0,5.12343023255814,,,,,12.5
2022-03-05,361.0,5.186260387811634,,,,,12.5
2022-03-06,376.0,5.044707446808511,,,,,12.0
2022-03-07,245.0,5.241387755102041,,,,,12.0
2022-03-08,283.0,4.896925795053003,,,,,12.0
2022-03-09,233.0,5.199699570815451,,,,,12.0
2022-03-10,296.0,5.182331081081081,,,,,12.0
2022-03-11,331.0,5.060453172205438,,,,,12.5
2022-03-12,309.0,5.222362459546925,,,,,12.5
2022-03-13,404.0,5.123811881188119,,,,,12.0
2022-03-14,253.0,5.365415019762846,,,,,12.0
2022-03-15,310.0,5.188580645161291,,,,,12.0
2022-03-16,329.0,5.177659574468085,,,,,12.0
2022-03-17,285.0,5.382631578947368,,,,,12.0
2022-03-18,417.0,5.200383693045564,,,,,12.5
2022-03-19,340.0,5.323882352941177,,,,,12.5
2022-03-20,444.0,5.5197972972972975,,,,,12.0
2022-03-21,284.0,5.403838028169014,,,,,12.0
2022-03-22,297.0,5.41104377104377,,,,,12.0
2022-03-23,255.0,5.49564705882353,,,,,12.0
2022-03-24,299.0,5.504080267558528,,,,,12.0
2022-03-25,354.0,5.381299435028248,,,,,12.5
2022-03-26,412.0,5.452038834951457,,,,,12.5
2022-03-27,418.0,5.547081339712919,,,,,12.0
2022-03-28,241.0,5.631701244813278,,,,,12.0
2022-03-29,258.0,5.347325581395349,,,,,12.0
2022-03-30,355.0,5.510225352112676,,,,,12.0
2022-03-31,376.0,5.343670212765957,,,,,12.0
2022-04-01,481.0,5.61983367983368,,,,,12.5
2022-04-02,472.0,5.449025423728814,,,,,12.5
2022-04-03,495.0,5.467434343434344,,,,,12.0
2022-04-04,294.0,5.287244897959184,,,,,12.0
2022-04-05,361.0,5.403518005540167,,,,,12.0
2022-04-06,288.0,5.430729166666667,,,,,12.0
2022-04-07,294.0,5.483435374149661,,,,,12.0
2022-04-08,428.0,5.369415887850468,,,,,12.5
2022-04-09,446.0,5.533452914798207,,,,,12.5
2022-04-10,448.0,5.510625,,,,,12.0
2022-04-11,256.0,5.3501953125,,,,,12.0
2022-04-12,375.0,5.552666666666667,,,,,12.0
2022-04-13,288.0,5.319444444444445,,,,,12.0
2022-04-14,338.0,5.464792899408285,,,,,12.0
2022-04-15,430.0,5.496,,,,,12.5
2022-04-16,342.0,5.474649122807017,,,,,12.5
2022-04-17,0.0,,,,,,
2022-04-18,307.0,5.597882736156351,,,,,12.0
2022-04-19,258.0,5.323062015503877,,,,,12.0
2022-04-20,371.0,5.631644204851752,,,,,12.0
2022-04-21,423.0,5.496666666666667,,,,,12.0
2022-04-22,485.0,5.448515463917526,,,,,12.5
2022-04-23,519.0,5.582466281310213,,,,,12.5
2022-04-24,495.0,5.612666666666667,,,,,12.0
2022-04-25,345.0,5.405246376811594,,,,,12.0
2022-04-26,362.0,5.516546961325967,,,,,12.0
2022-04-27,337.0,5.440830860534125,,,,,12.0
2022-04-28,390.0,5.513333333333333,,,,,12.0
2022-04-29,503.0,5.586580516898609,,,,,12.5
2022-04-30,519.0,5.441888246628131,,,,,12.5
2022-05-01,635.0,5.506251968503937,,,,,12.0
2022-05-02,392.0,5.575255102040816,,,,,12.0
2022-05-03,395.0,5.382455696202532,,,,,12.0
2022-05-04,285.0,5.558175438596491,,,,,12.0
2022-05-05,381.0,5.45244094488189,,,,,12.0
2022-05-06,457.0,5.6177899343544855,,,,,12.5
2022-05-07,463.0,5.598682505399569,,,,,12.5
2022-05-08,549.0,5.383078324225865,,,,,12.0
2022-05-09,375.0,5.572586666666666,,,,,12.0
2022-05-10,351.0,5.557920227920228,,,,,12.0
2022-05-11,378.0,5.600396825396825,,,,,12.0
2022-05-12,462.0,5.471753246753246,,,,,12.0
2022-05-13,598.0,5.456538461538462,,,,,12.5
2022-05-14,581.0,5.465886402753872,,,,,12.5
2022-05-15,637.0,5.55585557299843,,,,,12.0
2022-05-16,370.0,5.4985135135135135,,,,,12.0
2022-05-17,296.0,5.439695945945946,,,,,12.0
2022-05-18,372.0,5.438198924731183,,,,,12.0
2022-05-19,390.0,5.465487179487179,,,,,12.0
2022-05-20,493.0,5.5476267748478705,,,,,12.5
2022-05-21,543.0,5.598563535911603,,,,,12.5
2022-05-22,710.0,5.535915492957747,,,,,12.0
2022-05-23,349.0,5.497564469914041,,,,,12.0
2022-05-24,344.0,5.434244186046512,,,,,12.0
2022-05-25,373.0,5.379517426273458,,,,,12.0
2022-05-26,389.0,5.4064781491002565,,,,,12.0
2022-05-27,465.0,5.61483870967742,,,,,12.5
2022-05-28,439.0,5.773257403189066,,,,,12.5
2022-05-29,514.0,5.380836575875486,,,,,12.0
2022-05-30,622.0,5.519903536977492,,,,,12.0
2022-05-31,376.0,5.525026595744681,,,,,12.0
2022-06-01,327.0,5.406697247706422,,,,,12.0
2022-06-02,324.0,5.67753086419753,,,,,12.0
2022-06-03,372.0,5.556666666666667,,,,,12.5
2022-06-04,492.0,5.6381707317073175,,,,,12.5
2022-06-05,514.0,5.5552529182879375,,,,,12.0
2022-06-06,123.0,5.475772357723577,,,,,12.0
2022-06-07,257.0,5.230233463035019,,,,,12.0
2022-06-08,382.0,5.520994764397906,,,,,12.0
2022-06-09,353.0,5.667818696883852,,,,,12.0
2022-06-10,390.0,5.414307692307692,,,,,12.5
2022-06-11,462.0,5.609307359307359,,,,,12.5
2022-06-12,489.0,5.4891820040899795,,,,,12.0
2022-06-13,403.0,5.486997518610423,,,,,12.0
2022-06-14,345.0,5.556927536231885,,,,,12.0
2022-06-15,390.0,5.449897435897436,,,,,12.0
2022-06-16,316.0,5.499208860759493,,,,,12.0
2022-06-17,454.0,5.555088105726873,,,,,12.5
2022-06-18,395.0,5.522430379746836,,,,,12.5
2022-06-19,463.0,5.55732181425486,,,,,12.0
2022-06-20,322.0,5.409440993788819,,,,,12.0
2022-06-21,314.0,5.496337579617834,,,,,12.0
2022-06-22,338.0,5.427958579881657,,,,,12.0
2022-06-23,286.0,5.236748251748252,,,,,12.0
2022-06-24,435.0,5.488413793103448,,,,,12.5
2022-06-25,458.0,5.492161572052401,,,,,12.5
2022-06-26,571.0,5.608949211908932,,,,,12.0
2022-06-27,320.0,5.62603125,,,,,12.0
2022-06-28,395.0,5.53306329113924,,,,,12.0
2022-06-29,402.0,5.446716417910448,,,,,12.0
2022-06-30,416.0,5.557427884615384,,,,,12.0
2022-07-01,399.0,5.5701754385964914,,,,,12.5
2022-07-02,415.0,5.622409638554218,,,,,12.5
2022-07-03,396.0,5.562146464646465,,,,,12.0
2022-07-04,535.0,5.56985046728972,,,,,12.0
2022-07-05,268.0,5.539216417910448,,,,,12.0
2022-07-06,326.0,5.442914110429448,,,,,12.0
2022-07-07,339.0,5.517905604719764,,,,,12.0
2022-07-08,458.0,5.505851528384279,,,,,12.5
2022-07-09,408.0,5.644289215686274,,,,,12.5
2022-07-10,410.0,5.566829268292683,,,,,12.0
2022-07-11,310.0,5.523548387096774,,,,,12.0
2022-07-12,316.0,5.5137341772151895,,,,,12.0
2022-07-13,337.0,5.533353115727003,,,,,12.0
2022-07-14,330.0,5.564030303030304,,,,,12.0
2022-07-15,363.0,5.433691460055097,,,,,12.5
2022-07-16,327.0,5.573333333333333,,,,,12.5
2022-07-17,553.0,5.621717902350814,,,,,12.0
2022-07-18,258.0,5.5183333333333335,,,,,12.0
2022-07-19,312.0,5.340673076923077,,,,,12.0
2022-07-20,406.0,5.4178817733990146,,,,,12.0
2022-07-21,399.0,5.617593984962406,,,,,12.0
2022-07-22,420.0,5.474095238095238,,,,,12.5
2022-07-23,449.0,5.374966592427617,,,,,12.5
2022-07-24,510.0,5.56678431372549,,,,,12.0
2022-07-25,376.0,5.549255319148936,,,,,12.0
2022-07-26,304.0,5.520855263157895,,,,,12.0
2022-07-27,349.0,5.475759312320917,,,,,12.0
2022-07-28,432.0,5.431805555555555,,,,,12.0
2022-07-29,384.0,5.479817708333333,,,,,12.5
2022-07-30,319.0,5.666363636363636,,,,,12.5
2022-07-31,425.0,5.525623529411765,,,,,12.0
2022-08-01,323.0,5.363065015479876,,,,,12.0
2022-08-02,265.0,5.411509433962264,,,,,12.0
2022-08-03,343.0,5.446967930029154,,,,,12.0
2022-08-04,451.0,5.495277161862528,,,,,12.0
2022-08-05,346.0,5.6028612716763,,,,,12.5
2022-08-06,476.0,5.557163865546219,,,,,12.5
2022-08-07,354.0,5.43045197740113,,,,,12.0
2022-08-08,318.0,5.393490566037737,,,,,12.0
2022-08-09,351.0,5.316951566951567,,,,,12.0
2022-08-10,279.0,5.346702508960574,,,,,12.0
2022-08-11,270.0,5.406444444444444,,,,,12.0
2022-08-12,352.0,5.25315340909091,,,,,12.5
2022-08-13,352.0,5.4598011363636365,,,,,12.5
2022-08-14,446.0,5.4252466367713,,,,,12.0
2022-08-15,299.0,5.432307692307692,,,,,12.0
2022-08-16,291.0,5.49192439862543,,,,,12.0
2022-08-17,249.0,5.452690763052209,,,,,12.0
2022-08-18,253.0,5.576877470355732,,,,,12.0
2022-08-19,354.0,5.409830508474576,,,,,12.5
2022-08-20,416.0,5.436538461538461,,,,,12.5
2022-08-21,455.0,5.569076923076922,,,,,12.0
2022-08-22,277.0,5.449819494584837,,,,,12.0
2022-08-23,280.0,5.527214285714286,,,,,12.0
2022-08-24,353.0,5.442861189801699,,,,,12.0
2022-08-25,366.0,5.5848633879781415,,,,,12.0
2022-08-26,330.0,5.523848484848485,,,,,12.5
2022-08-27,368.0,5.53758152173913,,,,,12.5
2022-08-28,420.0,5.514357142857143,,,,,12.0
2022-08-29,279.0,5.55584229390681,,,,,12.0
2022-08-30,347.0,5.340576368876081,,,,,12.0
2022-08-31,324.0,5.439166666666667,,,,,12.0
2022-09-01,324.0,5.552777777777778,,,,,12.0
2022-09-02,379.0,5.609472295514513,,,,,12.5
2022-09-03,397.0,5.597153652392947,,,,,12.5
2022-09-04,457.0,5.760065645514223,,,,,12.0
2022-09-05,208.0,5.415288461538462,,,,,12.0
2022-09-06,197.0,5.515989847715736,,,,,12.0
2022-09-07,251.0,5.613266932270917,,,,,12.0
2022-09-08,158.0,5.369430379746835,,,,,12.0
2022-09-09,311.0,5.5023151125401935,,,,,12.5
2022-09-10,334.0,5.655868263473054,,,,,12.5
2022-09-11,358.0,5.6988547486033525,,,,,12.0
2022-09-12,256.0,5.582734375,,,,,12.0
2022-09-13,215.0,5.413348837209303,,,,,12.0
2022-09-14,263.0,5.63787072243346,,,,,12.0
2022-09-15,264.0,5.497007575757576,,,,,12.0
2022-09-16,253.0,5.4525296442687745,,,,,12.5
2022-09-17,428.0,5.594205607476636,,,,,12.5
2022-09-18,365.0,5.632493150684932,,,,,12.0
2022-09-19,235.0,5.60331914893617,,,,,12.0
2022-09-20,237.0,5.60253164556962,,,,,12.0
2022-09-21,284.0,5.589683098591549,,,,,12.0
2022-09-22,276.0,5.661159420289855,,,,,12.0
2022-09-23,292.0,5.706301369863014,,,,,12.5
2022-09-24,329.0,5.721945288753799,,,,,12.5
2022-09-25,377.0,5.642201591511936,,,,,12.0
2022-09-26,214.0,5.588738317757009,,,,,12.0
2022-09-27,248.0,5.658185483870968,,,,,12.0
2022-09-28,245.0,5.58461224489796,,,,,12.0
2022-09-29,223.0,5.493094170403587,,,,,12.0
2022-09-30,279.0,5.7575985663082445,,,,,12.5
2022-10-01,354.0,5.6986158192090395,,,,,12.5
2022-10-02,278.0,5.938920863309352,,,,,12.0
2022-10-03,201.0,5.452537313432836,,,,,12.0
2022-10-04,200.0,5.63535,,,,,12.0
2022-10-05,213.0,5.793004694835681,,,,,12.0
2022-10-06,267.0,5.365505617977528,,,,,12.0
2022-10-07,332.0,5.6150301204819275,,,,,12.5
2022-10-08,304.0,5.637598684210526,,,,,12.5
2022-10-09,357.0,5.837198879551821,,,,,12.0
2022-10-10,226.0,5.695929203539823,,,,,12.0
2022-10-11,202.0,5.740940594059406,,,,,12.0
2022-10-12,302.0,5.430099337748345,,,,,12.0
2022-10-13,258.0,5.865736434108528,,,,,12.0
2022-10-14,284.0,5.766197183098592,,,,,12.5
2022-10-15,348.0,5.722931034482759,,,,,12.5
2022-10-16,339.0,5.694837758112095,,,,,12.0
2022-10-17,175.0,5.710457142857143,,,,,12.0
2022-10-18,175.0,5.5842857142857145,,,,,12.0
2022-10-19,223.0,5.756995515695067,,,,,12.0
2022-10-20,234.0,5.750854700854701,,,,,12.0
2022-10-21,249.0,5.592690763052208,,,,,12.5
2022-10-22,272.0,5.5932352941176475,,,,,12.5
2022-10-23,304.0,5.707269736842105,,,,,12.0
2022-10-24,206.0,5.749174757281553,,,,,12.0
2022-10-25,217.0,5.696820276497696,,,,,12.0
2022-10-26,246.0,5.77260162601626,,,,,12.0
2022-10-27,230.0,5.65808695652174,,,,,12.0
2022-10-28,251.0,5.590358565737052,,,,,12.5
2022-10-29,272.0,5.534080882352941,,,,,12.5
2022-10-30,352.0,5.846363636363637,,,,,12.0
2022-10-31,170.0,5.621764705882353,,,,,12.0
2022-11-01,169.0,5.614970414201184,,,,,12.0
2022-11-02,181.0,5.493701657458564,,,,,12.0
2022-11-03,223.0,5.49067264573991,,,,,12.0
2022-11-04,303.0,5.763762376237624,,,,,12.5
2022-11-05,342.0,5.672748538011696,,,,,12.5
2022-11-06,304.0,5.634572368421053,,,,,12.0
2022-11-07,167.0,5.689221556886228,,,,,12.0
2022-11-08,192.0,5.551041666666666,,,,,12.0
2022-11-09,197.0,5.783096446700507,,,,,12.0
2022-11-10,287.0,5.588188153310105,,,,,12.0
2022-11-11,304.0,6.029703947368421,,,,,12.5
2022-11-12,340.0,5.602529411764706,,,,,12.5
2022-11-13,281.0,5.9143772241992885,,,,,12.0
2022-11-14,187.0,5.741283422459894,,,,,12.0
2022-11-15,148.0,5.61081081081081,,,,,12.0
2022-11-16,154.0,5.614025974025974,,,,,12.0
2022-11-17,205.0,5.824000000000001,,,,,12.0
2022-11-18,232.0,5.504137931034483,,,,,12.5
2022-11-19,260.0,5.72973076923077,,,,,12.5
2022-11-20,304.0,5.672072368421053,,,,,12.0
2022-11-21,189.0,5.572328042328043,,,,,12.0
2022-11-22,222.0,5.688288288288288,,,,,12.0
2022-11-23,170.0,5.667588235294118,,,,,12.0
2022-11-24,0.0,,,,,,
2022-11-25,229.0,5.584410480349344,,,,,12.5
2022-11-26,194.0,5.633711340206186,,,,,12.5
2022-11-27,236.0,5.762627118644068,,,,,12.0
2022-11-28,172.0,5.668837209302326,,,,,12.0
2022-11-29,146.0,5.802260273972602,,,,,12.0
2022-11-30,213.0,5.633286384976526,,,,,12.0
2022-12-01,220.0,5.868545454545454,,,,,12.0
2022-12-02,254.0,5.637204724409449,,,,,12.5
2022-12-03,323.0,5.765263157894737,,,,,12.5
2022-12-04,316.0,5.773481012658228,,,,,12.0
2022-12-05,189.0,5.815820105820106,,,,,12.0
2022-12-06,184.0,5.572336956521739,,,,,12.0
2022-12-07,234.0,5.7208547008547015,,,,,12.0
2022-12-08,206.0,5.7513592233009705,,,,,12.0
2022-12-09,253.0,5.611185770750988,,,,,12.5
2022-12-10,270.0,5.55674074074074,,,,,12.5
2022-12-11,175.0,5.638742857142857,,,,,12.0
2022-12-12,109.0,5.728623853211009,,,,,12.0
2022-12-13,0.0,,,,,,
2022-12-14,194.0,5.638092783505154,,,,,12.0
2022-12-15,193.0,5.848652849740932,,,,,12.0
2022-12-16,271.0,5.535424354243543,,,,,12.5
2022-12-17,228.0,5.545,,,,,12.5
2022-12-18,254.0,5.875669291338583,,,,,12.0
2022-12-19,197.0,5.525736040609137,,,,,12.0
2022-12-20,204.0,5.643382352941177,,,,,12.0
2022-12-21,163.0,5.69159509202454,,,,,12.0
2022-12-22,220.0,5.702636363636364,,,,,12.0
2022-12-23,183.0,5.457213114754099,,,,,12.5
2022-12-24,22.0,4.555000000000001,,,,,12.5
2022-12-25,0.0,,,,,,
2022-12-26,177.0,5.787853107344633,,,,,12.0
2022-12-27,202.0,5.766188118811881,,,,,12.0
2022-12-28,236.0,5.747627118644068,,,,,12.0
2022-12-29,263.0,5.722585551330798,,,,,12.0
2022-12-30,285.0,5.805824561403509,,,,,12.5
2022-12-31,182.0,5.567032967032968,,,,,12.5
2023-01-01,0.0,,,,,,
2023-01-02,60.0,5.541833333333333,,,,,12.0
2023-01-03,201.0,5.863582089552239,,,,,12.0
2023-01-04,193.0,5.760569948186529,,,,,12.0
2023-01-05,199.0,5.96643216080402,,,,,12.0
2023-01-06,263.0,5.9030038022813685,,,,,12.5
2023-01-07,272.0,5.955698529411765,,,,,12.5
2023-01-08,291.0,6.076151202749141,,,,,12.0
2023-01-09,215.0,5.847813953488372,,,,,12.0
2023-01-10,206.0,5.6756796116504855,,,,,12.0
2023-01-11,206.0,5.842087378640777,,,,,12.0
2023-01-12,174.0,6.034022988505748,,,,,12.0
2023-01-13,310.0,5.849935483870968,,,,,12.5
2023-01-14,269.0,5.954460966542751,,,,,12.5
2023-01-15,330.0,5.899363636363637,,,,,12.0
2023-01-16,183.0,5.535956284153006,,,,,12.0
2023-01-17,190.0,5.928315789473685,,,,,12.0
2023-01-18,179.0,5.989832402234637,,,,,12.0
2023-01-19,227.0,5.924977973568282,,,,,12.0
2023-01-20,265.0,6.007735849056604,,,,,12.5
2023-01-21,329.0,5.796747720364742,,,,,12.5
2023-01-22,276.0,5.936014492753623,,,,,12.0
2023-01-23,115.0,6.357826086956521,,,,,12.0
2023-01-24,155.0,6.032,,,,,12.0
2023-01-25,224.0,5.964910714285715,,,,,12.0
2023-01-26,193.0,6.15341968911917,,,,,12.0
2023-01-27,246.0,5.619146341463415,,,,,12.5
2023-01-28,257.0,5.9624513618677035,,,,,12.5
2023-01-29,311.0,6.083183279742766,,,,,12.0
2023-01-30,231.0,5.75995670995671,,,,,12.0
2023-01-31,210.0,5.821380952380952,,,,,12.0
2023-02-01,189.0,6.03079365079365,,,,,12.0
2023-02-02,194.0,5.842886597938144,,,,,12.0
2023-02-03,184.0,6.1048913043478255,,,,,12.5
2023-02-04,248.0,6.036612903225806,,,,,12.5
2023-02-05,314.0,5.983089171974522,,,,,12.0
2023-02-06,155.0,5.975612903225807,,,,,12.0
2023-02-07,203.0,5.715024630541873,,,,,12.0
2023-02-08,238.0,5.794663865546219,,,,,12.0
2023-02-09,206.0,5.747281553398058,,,,,12.0
2023-02-10,260.0,5.889961538461539,,,,,12.5
2023-02-11,337.0,5.807032640949555,,,,,12.5
2023-02-12,243.0,5.892880658436214,,,,,12.0
2023-02-13,163.0,5.524294478527608,,,,,12.0
2023-02-14,237.0,5.769113924050632,,,,,12.0
2023-02-15,166.0,5.6726506024096395,,,,,12.0
2023-02-16,179.0,5.829776536312849,,,,,12.0
2023-02-17,281.0,6.02185053380783,,,,,12.5
2023-02-18,309.0,5.926278317152104,,,,,12.5
2023-02-19,387.0,5.953100775193798,,,,,12.0
2023-02-20,294.0,5.860714285714286,,,,,12.0
2023-02-21,207.0,5.6577777777777785,,,,,12.0
2023-02-22,205.0,5.622731707317073,,,,,12.0
2023-02-23,165.0,5.777515151515152,,,,,12.0
2023-02-24,257.0,5.782256809338521,,,,,12.5
2023-02-25,231.0,5.964285714285714,,,,,12.5
2023-02-26,292.0,6.031267123287671,,,,,12.0
2023-02-27,211.0,5.7617061611374405,,,,,12.0
2023-02-28,138.0,6.099927536231884,,,,,12.0
2023-03-01,204.0,5.888333333333334,,,,,12.0
2023-03-02,210.0,5.935714285714286,,,,,12.0
2023-03-03,261.0,5.705517241379311,,,,,12.5
2023-03-04,302.0,6.186556291390728,,,,,12.5
2023-03-05,309.0,5.858446601941748,,,,,12.0
2023-03-06,230.0,5.805913043478261,,,,,12.0
2023-03-07,198.0,5.815101010101011,,,,,12.0
2023-03-08,211.0,5.619431279620853,,,,,12.0
2023-03-09,228.0,5.592412280701754,,,,,12.0
2023-03-10,299.0,5.91685618729097,,,,,12.5
2023-03-11,369.0,5.863983739837399,,,,,12.5
2023-03-12,369.0,5.887506775067751,,,,,12.0
2023-03-13,183.0,5.747267759562842,,,,,12.0
2023-03-14,200.0,6.229450000000001,,,,,12.0
2023-03-15,194.0,5.982319587628866,,,,,12.0
2023-03-16,227.0,5.742863436123349,,,,,12.0
2023-03-17,336.0,5.908630952380952,,,,,12.5
2023-03-18,396.0,5.862323232323233,,,,,12.5
2023-03-19,326.0,5.921625766871165,,,,,12.0
2023-03-20,220.0,5.848363636363636,,,,,12.0
2023-03-21,298.0,5.822785234899329,,,,,12.0
2023-03-22,275.0,5.732181818181819,,,,,12.0
2023-03-23,261.0,5.739425287356322,,,,,12.0
2023-03-24,310.0,5.672064516129032,,,,,12.5
2023-03-25,358.0,5.972821229050279,,,,,12.5
2023-03-26,452.0,5.925973451327433,,,,,12.0
2023-03-27,295.0,5.87535593220339,,,,,12.0
2023-03-28,269.0,5.837732342007435,,,,,12.0
2023-03-29,315.0,5.774857142857143,,,,,12.0
2023-03-30,289.0,5.8042560553633225,,,,,12.0
2023-03-31,347.0,5.985072046109511,,,,,12.5
2023-04-01,375.0,6.174133333333334,,,,,12.5
2023-04-02,438.0,5.86027397260274,,,,,12.0
2023-04-03,298.0,5.918959731543624,,,,,12.0
2023-04-04,350.0,5.9116,,,,,12.0
2023-04-05,288.0,5.811527777777778,,,,,12.0
2023-04-06,396.0,5.946186868686869,,,,,12.0
2023-04-07,328.0,5.783841463414634,,,,,12.5
2023-04-08,379.0,5.8112664907651705,,,,,12.5
2023-04-09,246.0,6.006463414634146,,,,,12.0
2023-04-10,396.0,4.499545454545454,,,,,12.0
2023-04-11,449.0,4.651581291759466,,,,,12.0
2023-04-12,443.0,4.767878103837472,,,,,12.0
2023-04-13,572.0,5.008881118881119,,,,,12.0
2023-04-14,593.0,5.048853288364249,,,,,12.5
2023-04-15,456.0,5.4828289473684215,,,,,12.5
2023-04-16,435.0,5.361724137931034,,,,,12.0
2023-04-17,341.0,5.236656891495601,,,,,12.0
2023-04-18,296.0,5.006486486486486,,,,,12.0
2023-04-19,335.0,5.205253731343284,,,,,12.0
2023-04-20,395.0,5.247265822784811,,,,,12.0
2023-04-21,476.0,5.3275210084033615,,,,,12.5
2023-04-22,443.0,5.312099322799097,,,,,12.5
2023-04-23,390.0,5.410794871794872,,,,,12.0
2023-04-24,313.0,5.734504792332268,,,,,12.0
2023-04-25,256.0,5.865234375,,,,,12.0
2023-04-26,319.0,5.8271159874608145,,,,,12.0
2023-04-27,322.0,6.0467701863354035,,,,,12.0
2023-04-28,302.0,5.969933774834438,,,,,12.5
2023-04-29,419.0,5.983293556085919,,,,,12.5
2023-04-30,352.0,6.066761363636363,,,,,12.0
2023-05-01,322.0,5.9747826086956515,,,,,12.0
2023-05-02,269.0,5.816505576208178,,,,,12.0
2023-05-03,342.0,5.894093567251462,,,,,12.0
2023-05-04,316.0,5.973829113924051,,,,,12.0
2023-05-05,351.0,5.888945868945869,,,,,12.5
2023-05-06,497.0,5.885211267605634,,,,,12.5
2023-05-07,523.0,5.876022944550669,,,,,12.0
2023-05-08,348.0,5.886120689655172,,,,,12.0
2023-05-09,274.0,5.976058394160584,,,,,12.0
2023-05-10,376.0,6.05125,,,,,12.0
2023-05-11,346.0,5.915606936416185,,,,,12.0
2023-05-12,427.0,5.848665105386417,,,,,12.5
2023-05-13,450.0,5.9548,,,,,12.5
2023-05-14,465.0,5.884473118279569,,,,,12.0
2023-05-15,298.0,5.885268456375838,,,,,12.0
2023-05-16,297.0,5.934377104377105,,,,,12.0
2023-05-17,289.0,5.879204152249135,,,,,12.0
2023-05-18,331.0,5.870785498489426,,,,,12.0
2023-05-19,357.0,5.875042016806722,,,,,12.5
2023-05-20,372.0,6.0918817204301074,,,,,12.5
2023-05-21,483.0,6.050559006211181,,,,,12.0
2023-05-22,332.0,5.9700903614457825,,,,,12.0
2023-05-23,333.0,5.914564564564564,,,,,12.0
2023-05-24,295.0,5.792338983050848,,,,,12.0
2023-05-25,339.0,5.774041297935103,,,,,12.0
2023-05-26,423.0,5.847872340425532,,,,,12.5
2023-05-27,450.0,5.8623111111111115,,,,,12.5
2023-05-28,531.0,5.952184557438795,,,,,12.0
2023-05-29,468.0,6.108867521367521,,,,,12.0
2023-05-30,277.0,5.883357400722022,,,,,12.0
2023-05-31,332.0,5.83710843373494,,,,,12.0
2023-06-01,436.0,5.770779816513762,,,,,12.0
2023-06-02,383.0,5.858224543080939,,,,,12.5
2023-06-03,218.0,5.724266055045871,,,,,12.5
2023-06-04,404.0,5.9857178217821785,,,,,12.0
2023-06-05,299.0,5.78685618729097,,,,,12.0
2023-06-06,314.0,5.764872611464968,,,,,12.0
2023-06-07,331.0,5.801389728096677,,,,,12.0
2023-06-08,283.0,6.0145583038869255,,,,,12.0
2023-06-09,353.0,5.75784702549575,,,,,12.5
2023-06-10,346.0,5.897080924855491,,,,,12.5
2023-06-11,497.0,5.97036217303823,,,,,12.0
2023-06-12,382.0,5.723324607329843,,,,,12.0
2023-06-13,340.0,5.853,,,,,12.0
2023-06-14,296.0,5.830608108108108,,,,,12.0
2023-06-15,397.0,5.798942065491183,,,,,12.0
2023-06-16,388.0,5.800025773195876,,,,,12.5
2023-06-17,331.0,5.755468277945619,,,,,12.5
2023-06-18,427.0,5.955878220140515,,,,,12.0
2023-06-19,299.0,5.992408026755853,,,,,12.0
2023-06-20,304.0,5.984506578947368,,,,,12.0
2023-06-21,352.0,5.933494318181818,,,,,12.0
2023-06-22,316.0,5.949303797468355,,,,,12.0
2023-06-23,388.0,5.847731958762886,,,,,12.5
2023-06-24,337.0,6.0491394658753705,,,,,12.5
2023-06-25,496.0,5.851733870967742,,,,,12.0
2023-06-26,340.0,5.764911764705882,,,,,12.0
2023-06-27,370.0,5.748459459459459,,,,,12.0
2023-06-28,354.0,5.876892655367232,,,,,12.0
2023-06-29,430.0,5.805116279069767,,,,,12.0
2023-06-30,401.0,5.89221945137157,,,,,12.5
2023-07-01,396.0,5.8819191919191915,,,,,12.5
2023-07-02,359.0,6.039470752089136,,,,,12.0
2023-07-03,391.0,5.8757033248081845,,,,,12.0
2023-07-04,421.0,5.987149643705464,,,,,12.0
2023-07-05,356.0,5.734494382022472,,,,,12.0
2023-07-06,376.0,5.866675531914893,,,,,12.0
2023-07-07,394.0,5.783274111675127,,,,,12.5
2023-07-08,396.0,5.813813131313132,,,,,12.5
2023-07-09,426.0,5.9763849765258215,,,,,12.0
2023-07-10,235.0,5.923744680851064,,,,,12.0
2023-07-11,374.0,5.870641711229946,,,,,12.0
2023-07-12,377.0,5.855676392572945,,,,,12.0
2023-07-13,379.0,5.750026385224274,,,,,12.0
2023-07-14,398.0,5.952412060301508,,,,,12.5
2023-07-15,412.0,5.916990291262136,,,,,12.5
2023-07-16,409.0,6.031564792176039,,,,,12.0
2023-07-17,322.0,5.760093167701863,,,,,12.0
2023-07-18,319.0,5.69705329153605,,,,,12.0
2023-07-19,350.0,5.848257142857142,,,,,12.0
2023-07-20,364.0,5.840082417582417,,,,,12.0
2023-07-21,296.0,5.839222972972974,,,,,12.5
2023-07-22,357.0,6.004481792717087,,,,,12.5
2023-07-23,400.0,6.068025,,,,,12.0
2023-07-24,281.0,5.804448398576512,,,,,12.0
2023-07-25,252.0,5.868809523809524,,,,,12.0
2023-07-26,311.0,5.944598070739549,,,,,12.0
2023-07-27,364.0,5.943681318681318,,,,,12.0
2023-07-28,327.0,5.873975535168196,,,,,12.5
2023-07-29,359.0,5.895933147632312,,,,,12.5
2023-07-30,480.0,6.111958333333333,,,,,12.0
2023-07-31,291.0,5.912268041237113,,,,,12.0
2023-08-01,307.0,5.729641693811075,,,,,12.0
2023-08-02,255.0,5.89964705882353,,,,,12.0
2023-08-03,316.0,5.7543354430379745,,,,,12.0
2023-08-04,292.0,6.068424657534247,,,,,12.5
2023-08-05,393.0,5.92295165394402,,,,,12.5
2023-08-06,416.0,5.845432692307692,,,,,12.0
2023-08-07,227.0,5.826607929515418,,,,,12.0
2023-08-08,268.0,5.8866044776119395,,,,,12.0
2023-08-09,263.0,5.509277566539924,,,,,12.0
2023-08-10,263.0,5.936996197718631,,,,,12.0
2023-08-11,292.0,5.809041095890411,,,,,12.5
2023-08-12,305.0,5.801573770491803,,,,,12.5
2023-08-13,350.0,5.9956000000000005,,,,,12.0
2023-08-14,248.0,6.0387903225806445,,,,,12.0
2023-08-15,223.0,5.867443946188341,,,,,12.0
2023-08-16,241.0,5.849004149377593,,,,,12.0
2023-08-17,253.0,5.745454545454545,,,,,12.0
2023-08-18,284.0,5.837992957746479,,,,,12.5
2023-08-19,273.0,5.873076923076923,,,,,12.5
2023-08-20,369.0,6.0695392953929534,,,,,12.0
2023-08-21,243.0,5.653991769547325,,,,,12.0
2023-08-22,276.0,5.754528985507246,,,,,12.0
2023-08-23,297.0,5.923973063973064,,,,,12.0
2023-08-24,258.0,5.792713178294574,,,,,12.0
2023-08-25,297.0,6.006296296296296,,,,,12.5
2023-08-26,346.0,5.952109826589595,,,,,12.5
2023-08-27,372.0,6.036720430107526,,,,,12.0
2023-08-28,291.0,5.878041237113402,,,,,12.0
2023-08-29,322.0,5.838695652173913,,,,,12.0
2023-08-30,295.0,5.83328813559322,,,,,12.0
2023-08-31,297.0,5.891717171717171,,,,,12.0
2023-09-01,346.0,5.778121387283237,,,,,12.5
2023-09-02,350.0,6.0083142857142855,,,,,12.5
2023-09-03,457.0,6.02671772428884,,,,,12.0
2023-09-04,397.0,5.927959697732998,,,,,12.0
2023-09-05,255.0,5.716823529411765,,,,,12.0
2023-09-06,313.0,5.882044728434504,,,,,12.0
2023-09-07,375.0,5.882693333333333,,,,,12.0
2023-09-08,354.0,5.8316384180790966,,,,,12.5
2023-09-09,370.0,6.109594594594595,,,,,12.5
2023-09-10,372.0,6.056854838709677,,,,,12.0
2023-09-11,301.0,4.680996677740864,,,,,12.0
2023-09-12,278.0,4.891726618705036,,,,,12.0
2023-09-13,356.0,5.1201123595505615,,,,,12.0
2023-09-14,343.0,5.155889212827988,,,,,12.0
2023-09-15,405.0,5.179950617283951,,,,,12.5
2023-09-16,375.0,5.261013333333333,,,,,12.5
2023-09-17,439.0,5.3387243735763095,,,,,12.0
2023-09-18,269.0,5.010408921933085,,,,,12.0
2023-09-19,254.0,5.231771653543307,,,,,12.0
2023-09-20,304.0,5.092598684210526,,,,,12.0
2023-09-21,303.0,5.066864686468647,,,,,12.0
2023-09-22,340.0,5.388823529411765,,,,,12.5
2023-09-23,293.0,5.439726962457337,,,,,12.5
2023-09-24,399.0,5.66516290726817,,,,,12.0
2023-09-25,193.0,5.937305699481866,,,,,12.0
2023-09-26,209.0,5.796794258373206,,,,,12.0
2023-09-27,272.0,5.889742647058823,,,,,12.0
2023-09-28,292.0,5.975616438356164,,,,,12.0
2023-09-29,288.0,6.146840277777778,,,,,12.5
2023-09-30,321.0,5.999595015576324,,,,,12.5
2023-10-01,327.0,5.9316819571865445,,,,,12.0
2023-10-02,244.0,5.562172131147541,,,,,12.0
2023-10-03,318.0,5.738522012578616,,,,,12.0
2023-10-04,346.0,5.817052023121388,,,,,12.0
2023-10-05,289.0,6.010692041522491,,,,,12.0
2023-10-06,305.0,5.57855737704918,,,,,12.5
2023-10-07,246.0,5.986585365853658,,,,,12.5
2023-10-08,314.0,5.996783439490446,,,,,12.0
2023-10-09,215.0,5.668976744186046,,,,,12.0
2023-10-10,194.0,5.861185567010309,,,,,12.0
2023-10-11,274.0,5.787773722627737,,,,,12.0
2023-10-12,222.0,5.554144144144144,,,,,12.0
2023-10-13,230.0,5.691695652173912,,,,,12.5
2023-10-14,305.0,5.822032786885246,,,,,12.5
2023-10-15,316.0,5.985253164556962,,,,,12.0
2023-10-16,186.0,5.989569892473118,,,,,12.0
2023-10-17,170.0,5.624117647058823,,,,,12.0
2023-10-18,200.0,5.85895,,,,,12.0
2023-10-19,224.0,5.801830357142856,,,,,12.0
2023-10-20,286.0,5.9523426573426566,,,,,12.5
2023-10-21,268.0,6.062574626865672,,,,,12.5
2023-10-22,256.0,6.025,,,,,12.0
2023-10-23,184.0,5.621956521739131,,,,,12.0
2023-10-24,186.0,5.9229032258064525,,,,,12.0
2023-10-25,220.0,5.954545454545454,,,,,12.0
2023-10-26,245.0,5.750489795918367,,,,,12.0
2023-10-27,277.0,5.864043321299639,,,,,12.5
2023-10-28,328.0,6.106829268292683,,,,,12.5
2023-10-29,241.0,6.138796680497926,,,,,12.0
2023-10-30,162.0,5.940061728395062,,,,,12.0
2023-10-31,149.0,5.965234899328858,,,,,12.0
2023-11-01,185.0,5.896864864864865,,,,,12.0
2023-11-02,175.0,5.989028571428571,,,,,12.0
2023-11-03,257.0,6.125447470817121,,,,,12.5
2023-11-04,286.0,5.992447552447552,,,,,12.5
2023-11-05,323.0,6.021083591331269,,,,,12.0
2023-11-06,161.0,5.999565217391304,,,,,12.0
2023-11-07,208.0,6.015769230769231,,,,,12.0
2023-11-08,153.0,6.070196078431373,,,,,12.0
2023-11-09,209.0,6.315933014354067,,,,,12.0
2023-11-10,223.0,5.898878923766817,,,,,12.5
2023-11-11,299.0,6.017257525083612,,,,,12.5
2023-11-12,289.0,6.125363321799308,,,,,12.0
2023-11-13,180.0,5.963222222222222,,,,,12.0
2023-11-14,200.0,5.82455,,,,,12.0
2023-11-15,205.0,6.059512195121951,,,,,12.0
2023-11-16,229.0,6.160698689956332,,,,,12.0
2023-11-17,277.0,5.951841155234657,,,,,12.5
2023-11-18,274.0,5.984306569343066,,,,,12.5
2023-11-19,359.0,6.159303621169917,,,,,12.0
2023-11-20,182.0,6.016153846153847,,,,,12.0
2023-11-21,219.0,6.091552511415525,,,,,12.0
2023-11-22,187.0,6.075187165775401,,,,,12.0
2023-11-23,0.0,,,,,,
2023-11-24,180.0,6.014944444444445,,,,,12.5
2023-11-25,200.0,5.9673,,,,,12.5
2023-11-26,225.0,5.914888888888888,,,,,12.0
2023-11-27,159.0,5.992327044025157,,,,,12.0
2023-11-28,172.0,6.006511627906976,,,,,12.0
2023-11-29,166.0,5.893674698795181,,,,,12.0
2023-11-30,188.0,5.981914893617021,,,,,12.0
2023-12-01,310.0,6.009612903225807,,,,,12.5
2023-12-02,264.0,5.965833333333333,,,,,12.5
2023-12-03,293.0,6.113856655290102,,,,,12.0
2023-12-04,195.0,6.122153846153846,,,,,12.0
2023-12-05,208.0,5.909519230769231,,,,,12.0
2023-12-06,179.0,5.841005586592178,,,,,12.0
2023-12-07,190.0,6.340684210526316,,,,,12.0
2023-12-08,239.0,6.042803347280334,,,,,12.5
2023-12-09,296.0,6.16652027027027,,,,,12.5
2023-12-10,270.0,6.071888888888889,,,,,12.0
2023-12-11,202.0,6.116881188118811,,,,,12.0
2023-12-12,213.0,6.072112676056338,,,,,12.0
2023-12-13,166.0,5.99066265060241,,,,,12.0
2023-12-14,234.0,5.914786324786324,,,,,12.0
2023-12-15,282.0,6.251347517730496,,,,,12.5
2023-12-16,259.0,6.195444015444015,,,,,12.5
2023-12-17,274.0,6.293065693430656,,,,,12.0
2023-12-18,165.0,5.945030303030303,,,,,12.0
2023-12-19,168.0,5.948214285714285,,,,,12.0
2023-12-20,205.0,6.072585365853658,,,,,12.0
2023-12-21,171.0,5.917076023391813,,,,,12.0
2023-12-22,196.0,5.995969387755102,,,,,12.5
2023-12-23,175.0,5.968228571428572,,,,,12.5
2023-12-24,38.0,6.159999999999999,,,,,12.0
2023-12-25,0.0,,,,,,
2023-12-26,179.0,6.163743016759776,,,,,12.0
2023-12-27,76.0,5.537894736842105,,,,,12.0
2023-12-28,239.0,6.04560669456067,,,,,12.0
2023-12-29,252.0,5.986785714285714,,,,,12.5
2023-12-30,270.0,5.976740740740741,,,,,12.5
2023-12-31,253.0,6.175731225296443,,,,,12.0
2024-01-01,200.0,5.966749999999999,,,,,12.0
2024-01-02,187.0,5.934117647058824,,,,,12.0
2024-01-03,221.0,6.020180995475113,,,,,12.0
2024-01-04,210.0,5.92347619047619,,,,,12.0
2024-01-05,235.0,5.967489361702127,,,,,12.5
2024-01-06,252.0,6.081666666666666,,,,,12.5
2024-01-07,87.0,6.0794252873563215,,,,,12.0
2024-01-08,138.0,6.161159420289855,,,,,12.0
2024-01-09,200.0,6.10515,,,,,12.0
2024-01-10,176.0,6.153579545454545,,,,,12.0
2024-01-11,211.0,6.037061611374408,,,,,12.0
2024-01-12,272.0,6.144117647058824,,,,,12.5
2024-01-13,307.0,6.484104234527687,,,,,12.5
2024-01-14,289.0,6.470484429065744,,,,,12.0
2024-01-15,244.0,6.011311475409836,,,,,12.0
2024-01-16,128.0,6.534296875,,,,,12.0
2024-01-17,175.0,6.164228571428572,,,,,12.0
2024-01-18,190.0,6.141736842105264,,,,,12.0
2024-01-19,244.0,6.025081967213115,,,,,12.5
2024-01-20,216.0,6.222824074074075,,,,,12.5
2024-01-21,259.0,6.28984555984556,,,,,12.0
2024-01-22,188.0,6.251010638297872,,,,,12.0
2024-01-23,176.0,6.260227272727272,,,,,12.0
2024-01-24,183.0,6.431256830601093,,,,,12.0
2024-01-25,233.0,6.136137339055794,,,,,12.0
2024-01-26,324.0,6.011481481481481,,,,,12.5
2024-01-27,308.0,6.264383116883117,,,,,12.5
2024-01-28,247.0,6.453157894736842,,,,,12.0
2024-01-29,163.0,5.9284662576687115,,,,,12.0
2024-01-30,190.0,5.997263157894737,,,,,12.0
2024-01-31,244.0,5.915450819672132,,,,,12.0
2024-02-01,269.0,5.99360594795539,,,,,12.0
2024-02-02,328.0,5.79030487804878,,,,,12.5
2024-02-03,306.0,6.036797385620915,,,,,12.5
2024-02-04,334.0,6.109610778443114,,,,,12.0
2024-02-05,212.0,6.035047169811321,,,,,12.0
2024-02-06,212.0,6.062169811320755,,,,,12.0
2024-02-07,215.0,6.011255813953489,,,,,12.0
2024-02-08,243.0,5.980164609053499,,,,,12.0
2024-02-09,297.0,5.722929292929293,,,,,12.5
2024-02-10,324.0,6.106172839506173,,,,,12.5
2024-02-11,264.0,6.37469696969697,,,,,12.0
2024-02-12,185.0,5.912378378378378,,,,,12.0
2024-02-13,145.0,6.467931034482759,,,,,12.0
2024-02-14,192.0,6.0834375,,,,,12.0
2024-02-15,201.0,5.804278606965174,,,,,12.0
2024-02-16,248.0,5.864959677419355,,,,,12.5
2024-02-17,296.0,6.196182432432432,,,,,12.5
2024-02-18,388.0,6.282706185567011,,,,,12.0
2024-02-19,273.0,6.001941391941392,,,,,12.0
2024-02-20,256.0,6.0419140625,,,,,12.0
2024-02-21,253.0,6.035691699604743,,,,,12.0
2024-02-22,255.0,5.9365098039215685,,,,,12.0
2024-02-23,289.0,6.086678200692042,,,,,12.5
2024-02-24,293.0,6.253412969283277,,,,,12.5
2024-02-25,323.0,6.30969040247678,,,,,12.0
2024-02-26,240.0,5.937666666666667,,,,,12.0
2024-02-27,284.0,5.935422535211268,,,,,12.0
2024-02-28,240.0,6.080208333333333,,,,,12.0
2024-02-29,271.0,6.1931365313653135,,,,,12.0
2024-03-01,357.0,6.057871148459383,,,,,12.5
2024-03-02,352.0,6.09596590909091,,,,,12.5
2024-03-03,440.0,6.1880227272727275,,,,,12.0
2024-03-04,241.0,6.097883817427386,,,,,12.0
2024-03-05,217.0,6.059539170506913,,,,,12.0
2024-03-06,234.0,5.707948717948718,,,,,12.0
2024-03-07,232.0,5.92521551724138,,,,,12.0
2024-03-08,349.0,6.108882521489972,,,,,12.5
2024-03-09,321.0,6.245171339563863,,,,,12.5
2024-03-10,429.0,6.202890442890443,,,,,12.0
2024-03-11,206.0,6.06626213592233,,,,,12.0
2024-03-12,279.0,5.93978494623656,,,,,12.0
2024-03-13,319.0,5.8747648902821314,,,,,12.0
2024-03-14,360.0,5.9515,,,,,12.0
2024-03-15,337.0,6.048397626112759,,,,,12.5
2024-03-16,415.0,6.083204819277109,,,,,12.5
2024-03-17,435.0,6.023080459770115,,,,,12.0
2024-03-18,232.0,6.062758620689655,,,,,12.0
2024-03-19,260.0,6.180807692307693,,,,,12.0
2024-03-20,270.0,6.085481481481481,,,,,12.0
2024-03-21,291.0,6.15127147766323,,,,,12.0
2024-03-22,329.0,5.941246200607903,,,,,12.5
2024-03-23,314.0,6.143662420382166,,,,,12.5
2024-03-24,407.0,6.140982800982801,,,,,12.0
2024-03-25,256.0,5.8884375,,,,,12.0
2024-03-26,275.0,5.987236363636364,,,,,12.0
2024-03-27,301.0,5.9354485049833885,,,,,12.0
2024-03-28,307.0,6.217394136807818,,,,,12.0
2024-03-29,320.0,5.996406250000001,,,,,12.5
2024-03-30,364.0,6.083928571428572,,,,,12.5
2024-03-31,304.0,6.260657894736842,,,,,12.0
2024-04-01,298.0,5.443288590604027,,,,,12.0
2024-04-02,290.0,5.82151724137931,,,,,12.0
2024-04-03,278.0,5.8134172661870505,,,,,12.0
2024-04-04,370.0,5.992945945945945,,,,,12.0
2024-04-05,397.0,5.780151133501259,,,,,12.5
2024-04-06,472.0,5.866652542372881,,,,,12.5
2024-04-07,509.0,5.984400785854617,,,,,12.0
2024-04-08,382.0,5.563167539267016,,,,,12.0
2024-04-09,382.0,5.795968586387435,,,,,12.0
2024-04-10,386.0,5.791865284974093,,,,,12.0
2024-04-11,347.0,5.912074927953891,,,,,12.0
2024-04-12,428.0,5.832990654205608,,,,,12.5
2024-04-13,432.0,5.7350462962962965,,,,,12.5
2024-04-14,490.0,5.92330612244898,,,,,12.0
2024-04-15,421.0,6.120688836104513,,,,,12.0
2024-04-16,368.0,5.974538043478261,,,,,12.0
2024-04-17,362.0,6.22975138121547,,,,,12.0
2024-04-18,368.0,6.245842391304349,,,,,12.0
2024-04-19,424.0,5.883183962264152,,,,,12.5
2024-04-20,405.0,6.243382716049383,,,,,12.5
2024-04-21,439.0,6.162779043280183,,,,,12.0
2024-04-22,318.0,6.14062893081761,,,,,12.0
2024-04-23,314.0,5.829171974522294,,,,,12.0
2024-04-24,326.0,6.11941717791411,,,,,12.0
2024-04-25,370.0,6.0141081081081085,,,,,12.0
2024-04-26,385.0,6.112051948051947,,,,,12.5
2024-04-27,452.0,6.09825221238938,,,,,12.5
2024-04-28,570.0,6.085140350877193,,,,,12.0
2024-04-29,325.0,6.217538461538462,,,,,12.0
2024-04-30,310.0,5.966645161290323,,,,,12.0
2024-05-01,318.0,5.913993710691824,,,,,12.0
2024-05-02,364.0,6.0437637362637355,,,,,12.0
2024-05-03,406.0,6.116576354679803,,,,,12.5
2024-05-04,433.0,6.120484988452656,,,,,12.5
2024-05-05,427.0,6.300140515222482,,,,,12.0
2024-05-06,348.0,6.061206896551725,,,,,12.0
2024-05-07,317.0,5.969337539432177,,,,,12.0
2024-05-08,304.0,6.090230263157895,,,,,12.0
2024-05-09,317.0,6.101892744479495,,,,,12.0
2024-05-10,345.0,5.9885507246376815,,,,,12.5
2024-05-11,430.0,6.056279069767442,,,,,12.5
2024-05-12,479.0,6.295845511482255,,,,,12.0
2024-05-13,353.0,6.094305949008499,,,,,12.0
2024-05-14,380.0,5.949973684210527,,,,,12.0
2024-05-15,253.0,6.15600790513834,,,,,12.0
2024-05-16,314.0,5.861019108280255,,,,,12.0
2024-05-17,405.0,5.965456790123457,,,,,12.5
2024-05-18,429.0,6.195734265734266,,,,,12.5
2024-05-19,465.0,6.102322580645161,,,,,12.0
2024-05-20,383.0,6.083733681462141,,,,,12.0
2024-05-21,438.0,6.1321004566210044,,,,,12.0
2024-05-22,475.0,6.129452631578948,,,,,12.0
2024-05-23,352.0,5.897073863636364,,,,,12.0
2024-05-24,397.0,6.081083123425693,,,,,12.5
2024-05-25,398.0,6.1049999999999995,,,,,12.5
2024-05-26,499.0,6.227775551102204,,,,,12.0
2024-05-27,362.0,6.145110497237569,,,,,12.0
2024-05-28,303.0,5.874125412541255,,,,,12.0
2024-05-29,363.0,6.056225895316804,,,,,12.0
2024-05-30,338.0,5.898934911242604,,,,,12.0
2024-05-31,399.0,5.931604010025063,,,,,12.5
2024-06-01,496.0,6.038286290322581,,,,,12.5
2024-06-02,544.0,6.118474264705882,,,,,12.0
2024-06-03,380.0,5.952999999999999,,,,,12.0
2024-06-04,391.0,6.054526854219949,,,,,12.0
2024-06-05,360.0,5.664527777777778,,,,,12.0
2024-06-06,306.0,6.063954248366013,,,,,12.0
2024-06-07,392.0,5.87561224489796,,,,,12.5
2024-06-08,349.0,5.895558739255015,,,,,12.5
2024-06-09,438.0,6.195639269406393,,,,,12.0
2024-06-10,290.0,6.1033448275862066,,,,,12.0
2024-06-11,345.0,6.023652173913043,,,,,12.0
2024-06-12,355.0,5.8986760563380285,,,,,12.0
2024-06-13,406.0,5.988842364532021,,,,,12.0
2024-06-14,344.0,5.8963081395348835,,,,,12.5
2024-06-15,383.0,5.946788511749347,,,,,12.5
2024-06-16,501.0,6.188403193612774,,,,,12.0
2024-06-17,285.0,5.907122807017544,,,,,12.0
2024-06-18,407.0,5.848894348894349,,,,,12.0
2024-06-19,422.0,6.154668246445498,,,,,12.0
2024-06-20,415.0,6.12233734939759,,,,,12.0
2024-06-21,400.0,5.7341999999999995,,,,,12.5
2024-06-22,327.0,6.103547400611621,,,,,12.5
2024-06-23,463.0,6.0745572354211665,,,,,12.0
2024-06-24,289.0,5.961660899653979,,,,,12.0
2024-06-25,347.0,5.9171181556195975,,,,,12.0
2024-06-26,308.0,6.151688311688312,,,,,12.0
2024-06-27,352.0,6.080653409090909,,,,,12.0
2024-06-28,377.0,5.8499469496021215,,,,,12.5
2024-06-29,315.0,5.946698412698413,,,,,12.5
2024-06-30,453.0,5.9885430463576155,,,,,12.0
2024-07-01,319.0,5.97269592476489,,,,,12.0
2024-07-02,316.0,5.687658227848101,,,,,12.0
2024-07-03,345.0,5.808144927536231,,,,,12.0
2024-07-04,380.0,6.268105263157895,,,,,12.0
2024-07-05,352.0,6.003579545454546,,,,,12.5
2024-07-06,397.0,6.1772040302267,,,,,12.5
2024-07-07,407.0,6.115823095823096,,,,,12.0
2024-07-08,277.0,5.977148014440433,,,,,12.0
2024-07-09,337.0,5.803323442136499,,,,,12.0
2024-07-10,359.0,5.828272980501392,,,,,12.0
2024-07-11,336.0,5.905803571428572,,,,,12.0
2024-07-12,316.0,6.0465506329113925,,,,,12.5
2024-07-13,354.0,5.957259887005649,,,,,12.5
2024-07-14,435.0,6.076528735632184,,,,,12.0
2024-07-15,261.0,5.920804597701149,,,,,12.0
2024-07-16,290.0,5.973379310344828,,,,,12.0
2024-07-17,332.0,6.10737951807229,,,,,12.0
2024-07-18,335.0,5.9736119402985075,,,,,12.0
2024-07-19,338.0,5.934201183431953,,,,,12.5
2024-07-20,338.0,5.968047337278106,,,,,12.5
2024-07-21,512.0,6.00767578125,,,,,12.0
2024-07-22,257.0,5.893891050583657,,,,,12.0
2024-07-23,257.0,5.909221789883269,,,,,12.0
2024-07-24,256.0,6.01015625,,,,,12.0
2024-07-25,342.0,5.937543859649123,,,,,12.0
2024-07-26,313.0,5.966964856230033,,,,,12.5
2024-07-27,341.0,6.248357771260997,,,,,12.5
2024-07-28,329.0,6.272158054711246,,,,,12.0
2024-07-29,237.0,6.0629535864978905,,,,,12.0
2024-07-30,336.0,5.973779761904762,,,,,12.0
2024-07-31,303.0,6.139669966996699,,,,,12.0
2024-08-01,306.0,6.008202614379085,,,,,12.0
2024-08-02,319.0,6.086332288401254,,,,,12.5
2024-08-03,439.0,6.2972665148063784,,,,,12.5
2024-08-04,369.0,6.333658536585365,,,,,12.0
2024-08-05,275.0,5.946072727272727,,,,,12.0
2024-08-06,205.0,6.034829268292683,,,,,12.0
2024-08-07,256.0,5.9165234375,,,,,12.0
2024-08-08,268.0,6.07660447761194,,,,,12.0
2024-08-09,293.0,5.889556313993174,,,,,12.5
2024-08-10,368.0,5.980597826086957,,,,,12.5
2024-08-11,404.0,6.208811881188119,,,,,12.0
2024-08-12,249.0,5.784819277108434,,,,,12.0
2024-08-13,286.0,5.783181818181818,,,,,12.0
2024-08-14,280.0,6.220571428571429,,,,,12.0
2024-08-15,306.0,6.017516339869282,,,,,12.0
2024-08-16,264.0,5.96469696969697,,,,,12.5
2024-08-17,263.0,6.265779467680609,,,,,12.5
2024-08-18,318.0,6.192610062893082,,,,,12.0
2024-08-19,240.0,6.009916666666667,,,,,12.0
2024-08-20,238.0,6.4173109243697475,,,,,12.0
2024-08-21,269.0,6.05275092936803,,,,,12.0
2024-08-22,268.0,6.0106716417910455,,,,,12.0
2024-08-23,352.0,5.9478125,,,,,12.5
2024-08-24,323.0,5.964272445820433,,,,,12.5
2024-08-25,328.0,6.181951219512196,,,,,12.0
2024-08-26,260.0,6.110692307692307,,,,,12.0
2024-08-27,297.0,6.1998316498316495,,,,,12.0
2024-08-28,255.0,5.8944705882352935,,,,,12.0
2024-08-29,312.0,6.099871794871795,,,,,12.0
2024-08-30,337.0,6.197952522255193,,,,,12.5
2024-08-31,316.0,6.287626582278481,,,,,12.5
2024-09-01,377.0,6.324827586206896,,,,,12.0
2024-09-02,395.0,6.336481012658227,,,,,12.0
2024-09-03,219.0,6.032191780821917,,,,,12.0
2024-09-04,259.0,6.2907722007722,,,,,12.0
2024-09-05,246.0,6.200121951219512,,,,,12.0
2024-09-06,304.0,6.259407894736842,,,,,12.5
2024-09-07,302.0,6.278841059602649,,,,,12.5
2024-09-08,345.0,6.0136521739130435,,,,,12.0
2024-09-09,249.0,5.6813253012048195,,,,,12.0
2024-09-10,296.0,5.8587837837837835,,,,,12.0
2024-09-11,270.0,5.935888888888889,,,,,12.0
2024-09-12,293.0,6.113139931740615,,,,,12.0
2024-09-13,336.0,5.898303571428571,,,,,12.5
2024-09-14,384.0,6.083541666666666,,,,,12.5
2024-09-15,431.0,6.015962877030162,,,,,12.0
2024-09-16,231.0,5.928051948051949,,,,,12.0
2024-09-17,241.0,6.0239419087136925,,,,,12.0
2024-09-18,270.0,5.573666666666667,,,,,12.0
2024-09-19,278.0,6.23179856115108,,,,,12.0
2024-09-20,348.0,6.083333333333333,,,,,12.5
2024-09-21,303.0,5.717788778877888,,,,,12.5
2024-09-22,326.0,6.0089877300613495,,,,,12.0
2024-09-23,196.0,6.183877551020408,,,,,12.0
2024-09-24,210.0,6.013047619047619,,,,,12.0
2024-09-25,205.0,6.012682926829267,,,,,12.0
2024-09-26,236.0,6.069703389830509,,,,,12.0
2024-09-27,289.0,6.16083044982699,,,,,12.5
2024-09-28,337.0,6.294569732937686,,,,,12.5
2024-09-29,278.0,6.3558273381294965,,,,,12.0
2024-09-30,225.0,6.279866666666667,,,,,12.0
2024-10-01,185.0,5.933351351351352,,,,,12.0
2024-10-02,207.0,6.038985507246377,,,,,12.0
2024-10-03,236.0,6.055423728813559,,,,,12.0
2024-10-04,337.0,6.159020771513354,,,,,12.5
2024-10-05,327.0,6.167033639143731,,,,,12.5
2024-10-06,340.0,6.214735294117648,,,,,12.0
2024-10-07,164.0,6.039207317073171,,,,,12.0
2024-10-08,190.0,6.103789473684211,,,,,12.0
2024-10-09,205.0,5.966341463414634,,,,,12.0
2024-10-10,218.0,6.072935779816514,,,,,12.0
2024-10-11,285.0,6.261719298245613,,,,,12.5
2024-10-12,242.0,6.090123966942149,,,,,12.5
2024-10-13,236.0,6.353559322033899,,,,,12.0
2024-10-14,203.0,6.444532019704433,,,,,12.0
2024-10-15,154.0,6.068571428571429,,,,,12.0
2024-10-16,206.0,6.113300970873786,,,,,12.0
2024-10-17,202.0,6.182079207920792,,,,,12.0
2024-10-18,222.0,6.060540540540541,,,,,12.5
2024-10-19,284.0,6.100774647887325,,,,,12.5
2024-10-20,328.0,6.230548780487805,,,,,12.0
2024-10-21,240.0,6.209333333333333,,,,,12.0
2024-10-22,237.0,6.083037974683545,,,,,12.0
2024-10-23,198.0,5.933080808080808,,,,,12.0
2024-10-24,283.0,6.153109540636042,,,,,12.0
2024-10-25,284.0,6.207359154929578,,,,,12.5
2024-10-26,256.0,6.0983984375,,,,,12.5
2024-10-27,289.0,6.347577854671281,,,,,12.0
2024-10-28,194.0,6.3060824742268045,,,,,12.0
2024-10-29,200.0,6.348400000000001,,,,,12.0
2024-10-30,206.0,6.453543689320389,,,,,12.0
2024-10-31,170.0,6.140294117647058,,,,,12.0
2024-11-01,210.0,6.224333333333333,,,,,12.5
2024-11-02,252.0,6.167301587301588,,,,,12.5
2024-11-03,243.0,6.252139917695473,,,,,12.0
2024-11-04,162.0,6.35253086419753,,,,,12.0
2024-11-05,297.0,6.041144781144781,,,,,12.0
2024-11-06,232.0,6.22051724137931,,,,,12.0
2024-11-07,213.0,6.23131455399061,,,,,12.0
2024-11-08,286.0,6.170979020979021,,,,,12.5
2024-11-09,256.0,6.21046875,,,,,12.5
2024-11-10,365.0,6.133890410958903,,,,,12.0
2024-11-11,209.0,6.07,,,,,12.0
2024-11-12,154.0,5.99512987012987,,,,,12.0
2024-11-13,176.0,6.5480113636363635,,,,,12.0
2024-11-14,196.0,6.389795918367348,,,,,12.0
2024-11-15,217.0,6.254700460829493,,,,,12.5
2024-11-16,285.0,6.35319298245614,,,,,12.5
2024-11-17,308.0,6.26064935064935,,,,,12.0
2024-11-18,191.0,5.985340314136126,,,,,12.0
2024-11-19,214.0,6.240420560747664,,,,,12.0
2024-11-20,212.0,6.169764150943396,,,,,12.0
2024-11-21,195.0,6.07974358974359,,,,,12.0
2024-11-22,293.0,6.107849829351536,,,,,12.5
2024-11-23,258.0,6.333333333333333,,,,,12.5
2024-11-24,320.0,6.50884375,,,,,12.0
2024-11-25,198.0,6.18070707070707,,,,,12.0
2024-11-26,229.0,6.206331877729258,,,,,12.0
2024-11-27,185.0,6.158324324324324,,,,,12.0
2024-11-28,0.0,,,,,,
2024-11-29,247.0,6.223603238866397,,,,,12.5
2024-11-30,237.0,6.208143459915611,,,,,12.5
2024-12-01,248.0,6.264596774193548,,,,,12.0
2024-12-02,122.0,6.182049180327869,,,,,12.0
2024-12-03,185.0,6.5208648648648655,,,,,12.0
2024-12-04,196.0,6.155816326530612,,,,,12.0
2024-12-05,147.0,6.3959183673469395,,,,,12.0
2024-12-06,189.0,6.166666666666667,,,,,12.5
2024-12-07,249.0,6.403172690763053,,,,,12.5
2024-12-08,231.0,6.4830303030303025,,,,,12.0
2024-12-09,161.0,6.2713664596273295,,,,,12.0
2024-12-10,153.0,6.00640522875817,,,,,12.0
2024-12-11,156.0,6.194230769230769,,,,,12.0
2024-12-12,214.0,6.02126168224299,,,,,12.0
2024-12-13,221.0,6.142941176470588,,,,,12.5
2024-12-14,245.0,6.357183673469388,,,,,12.5
2024-12-15,212.0,6.30316037735849,,,,,12.0
2024-12-16,177.0,6.014350282485876,,,,,12.0
2024-12-17,182.0,5.82065934065934,,,,,12.0
2024-12-18,207.0,6.250193236714976,,,,,12.0
2024-12-19,151.0,6.111324503311259,,,,,12.0
2024-12-20,145.0,6.343793103448276,,,,,12.5
2024-12-21,127.0,5.950314960629922,,,,,12.5
2024-12-22,167.0,6.307065868263473,,,,,12.0
2024-12-23,177.0,6.335197740112994,,,,,12.0
2024-12-24,29.0,5.872413793103449,,,,,12.0
2024-12-25,0.0,,,,,,
2024-12-26,196.0,6.28,,,,,12.0
2024-12-27,217.0,5.97815668202765,,,,,12.5
2024-12-28,226.0,6.441814159292036,,,,,12.5
2024-12-29,267.0,6.268352059925094,,,,,12.0
2024-12-30,33.0,6.223030303030304,,,,,12.0
2024-12-31,217.0,6.546912442396314,,,,,12.0
2025-01-01,223.0,6.265784753363229,,,,,12.0
2025-01-02,213.0,6.073380281690142,,,,,12.0
2025-01-03,227.0,6.11,,,,,12.5
2025-01-04,252.0,6.400833333333333,,,,,12.5
2025-01-05,231.0,6.371558441558442,,,,,12.0
2025-01-06,173.0,6.489768786127168,,,,,12.0
2025-01-07,144.0,6.149166666666667,,,,,12.0
2025-01-08,183.0,6.2224043715847,,,,,12.0
2025-01-09,179.0,6.342793296089386,,,,,12.0
2025-01-10,223.0,6.063183856502242,,,,,12.5
2025-01-11,212.0,6.557547169811321,,,,,12.5
2025-01-12,277.0,6.408086642599278,,,,,12.0
2025-01-13,165.0,6.419333333333333,,,,,12.0
2025-01-14,133.0,5.906842105263158,,,,,12.0
2025-01-15,256.0,6.30859375,,,,,12.0
2025-01-16,184.0,6.335380434782609,,,,,12.0
2025-01-17,256.0,6.3801953125,,,,,12.5
2025-01-18,279.0,6.144802867383513,,,,,12.5
2025-01-19,195.0,6.420820512820512,,,,,12.0
2025-01-20,158.0,6.465316455696202,,,,,12.0
2025-01-21,179.0,6.330055865921787,,,,,12.0
2025-01-22,195.0,6.440512820512821,,,,,12.0
2025-01-23,202.0,6.4950495049504955,,,,,12.0
2025-01-24,250.0,5.846,,,,,12.5
2025-01-25,312.0,6.448301282051283,,,,,12.5
2025-01-26,328.0,6.444512195121952,,,,,12.0
2025-01-27,210.0,6.271714285714285,,,,,12.0
2025-01-28,193.0,6.29580310880829,,,,,12.0
2025-01-29,196.0,6.333571428571429,,,,,12.0
2025-01-30,239.0,6.302510460251046,,,,,12.0
2025-01-31,305.0,6.140786885245902,,,,,12.5
2025-02-01,281.0,6.382348754448398,,,,,12.5
2025-02-02,328.0,6.322530487804878,,,,,12.0
2025-02-03,198.0,6.437121212121212,,,,,12.0
2025-02-04,222.0,6.31927927927928,,,,,12.0
2025-02-05,214.0,6.3728504672897195,,,,,12.0
2025-02-06,203.0,6.383891625615764,,,,,12.0
2025-02-07,280.0,6.162357142857143,,,,,12.5
2025-02-08,290.0,6.2204827586206894,,,,,12.5
2025-02-09,213.0,6.557183098591549,,,,,12.0
2025-02-10,161.0,6.086086956521739,,,,,12.0
2025-02-11,234.0,6.071709401709402,,,,,12.0
2025-02-12,228.0,6.140350877192983,,,,,12.0
2025-02-13,222.0,6.067342342342343,,,,,12.0
2025-02-14,281.0,6.154626334519573,,,,,12.5
2025-02-15,182.0,6.287857142857144,,,,,12.5
2025-02-16,246.0,6.519268292682927,,,,,12.0
2025-02-17,237.0,6.12746835443038,,,,,12.0
2025-02-18,192.0,6.229583333333333,,,,,12.0
2025-02-19,234.0,6.012435897435898,,,,,12.0
2025-02-20,218.0,6.034908256880733,,,,,12.0
2025-02-21,308.0,5.948409090909092,,,,,12.5
2025-02-22,329.0,6.414589665653495,,,,,12.5
2025-02-23,289.0,6.278581314878893,,,,,12.0
2025-02-24,211.0,6.40042654028436,,,,,12.0
2025-02-25,234.0,6.361666666666667,,,,,12.0
2025-02-26,244.0,6.138524590163934,,,,,12.0
2025-02-27,239.0,6.18347280334728,,,,,12.0
2025-02-28,324.0,6.281481481481482,,,,,12.5
2025-03-01,424.0,6.14308962264151,,,,,12.5
2025-03-02,390.0,6.3561538461538465,,,,,12.0
2025-03-03,228.0,5.95219298245614,,,,,12.0
2025-03-04,299.0,6.071137123745819,,,,,12.0
2025-03-05,255.0,6.003803921568627,,,,,12.0
2025-03-06,286.0,6.222167832167832,,,,,12.0
2025-03-07,302.0,6.315827814569537,,,,,12.5
2025-03-08,401.0,6.269875311720699,,,,,12.5
2025-03-09,392.0,6.160561224489796,,,,,12.0
2025-03-10,343.0,5.909008746355685,,,,,12.0
2025-03-11,311.0,5.831993569131833,,,,,12.0
2025-03-12,285.0,6.0861052631578945,,,,,12.0
2025-03-13,305.0,6.266032786885246,,,,,12.0
2025-03-14,351.0,6.124871794871795,,,,,12.5
2025-03-15,483.0,6.246252587991719,,,,,12.5
2025-03-16,413.0,6.264891041162228,,,,,12.0
2025-03-17,294.0,6.177585034013606,,,,,12.0
2025-03-18,256.0,6.0225390625,,,,,12.0
2025-03-19,284.0,6.138591549295775,,,,,12.0
2025-03-20,360.0,6.002472222222222,,,,,12.0
2025-03-21,370.0,5.950567567567568,,,,,12.5
2025-03-22,446.0,6.057757847533633,,,,,12.5
2025-03-23,426.0,6.3234037558685445,,,,,12.0
2025-03-24,305.0,5.518950819672131,,,,,12.0
2025-03-25,309.0,5.683009708737864,,,,,12.0
2025-03-26,411.0,5.651946472019464,,,,,12.0
2025-03-27,402.0,5.907885572139303,,,,,12.0
2025-03-28,446.0,5.853587443946188,,,,,12.5
2025-03-29,466.0,6.166802575107297,,,,,12.5
2025-03-30,442.0,5.9344343891402715,,,,,12.0
2025-03-31,334.0,6.032155688622755,,,,,12.0
2025-04-01,371.0,5.898059299191374,,,,,12.0
2025-04-02,340.0,6.117382352941176,,,,,12.0
2025-04-03,376.0,6.036702127659575,,,,,12.0
2025-04-04,456.0,6.003157894736842,,,,,12.5
2025-04-05,495.0,6.401737373737374,,,,,12.5
2025-04-06,530.0,6.136132075471698,,,,,12.0
2025-04-07,271.0,6.371808118081181,,,,,12.0
2025-04-08,327.0,6.1713455657492355,,,,,12.0
2025-04-09,288.0,6.379895833333333,,,,,12.0
2025-04-10,326.0,6.095276073619631,,,,,12.0
2025-04-11,367.0,6.45425068119891,,,,,12.5
2025-04-12,412.0,6.4897087378640785,,,,,12.5
2025-04-13,475.0,6.446673684210526,,,,,12.0
2025-04-14,304.0,6.188684210526316,,,,,12.0
2025-04-15,293.0,6.249215017064846,,,,,12.0
2025-04-16,273.0,6.238717948717949,,,,,12.0
2025-04-17,373.0,6.334638069705094,,,,,12.0
2025-04-18,373.0,6.16970509383378,,,,,12.5
2025-04-19,455.0,6.1257142857142854,,,,,12.5
2025-04-20,314.0,6.549808917197452,,,,,12.0
2025-04-21,305.0,6.0451147540983605,,,,,12.0
2025-04-22,386.0,6.322875647668394,,,,,12.0
2025-04-23,419.0,6.30472553699284,,,,,12.0
2025-04-24,415.0,6.122433734939759,,,,,12.0
2025-04-25,423.0,6.290307328605201,,,,,12.5
2025-04-26,367.0,6.22741144414169,,,,,12.5
2025-04-27,397.0,6.477732997481108,,,,,12.0
2025-04-28,386.0,6.403341968911917,,,,,12.0
2025-04-29,332.0,6.15012048192771,,,,,12.0
2025-04-30,369.0,6.091138211382114,,,,,12.0
2025-05-01,355.0,6.252985915492958,,,,,12.0
2025-05-02,511.0,6.195244618395304,,,,,12.5
2025-05-03,578.0,6.346851211072664,,,,,12.5
2025-05-04,511.0,6.3815264187866925,,,,,12.0
2025-05-05,270.0,6.503962962962963,,,,,12.0
2025-05-06,311.0,6.228360128617363,,,,,12.0
2025-05-07,332.0,6.250361445783132,,,,,12.0
2025-05-08,338.0,6.19284023668639,,,,,12.0
2025-05-09,368.0,6.333967391304348,,,,,12.5
2025-05-10,402.0,6.232039800995025,,,,,12.5
2025-05-11,600.0,6.448333333333333,,,,,12.0
2025-05-12,294.0,6.290884353741497,,,,,12.0
2025-05-13,304.0,6.420756578947369,,,,,12.0
2025-05-14,390.0,6.245205128205129,,,,,12.0
2025-05-15,305.0,6.262393442622951,,,,,12.0
2025-05-16,427.0,6.322201405152224,,,,,12.5
2025-05-17,471.0,6.321889596602973,,,,,12.5
2025-05-18,434.0,6.24421658986175,,,,,12.0
2025-05-19,248.0,6.13875,,,,,12.0
2025-05-20,311.0,6.4675884244373,,,,,12.0
2025-05-21,279.0,6.447311827956989,,,,,12.0
2025-05-22,302.0,6.267814569536424,,,,,12.0
2025-05-23,375.0,6.205173333333334,,,,,12.5
2025-05-24,365.0,6.339479452054794,,,,,12.5
2025-05-25,429.0,6.423519813519814,,,,,12.0
2025-05-26,454.0,6.4098678414096915,,,,,12.0
2025-05-27,281.0,6.012384341637011,,,,,12.0
2025-05-28,366.0,6.273415300546448,,,,,12.0
2025-05-29,321.0,6.20816199376947,,,,,12.0
2025-05-30,439.0,6.132391799544419,,,,,12.5
2025-05-31,374.0,6.3710695187165785,,,,,12.5
2025-06-01,445.0,6.442786516853933,,,,,12.0
2025-06-02,302.0,6.142317880794702,,,,,12.0
2025-06-03,342.0,5.987134502923976,,,,,12.0
2025-06-04,318.0,6.170157232704402,,,,,12.0
2025-06-05,472.0,6.398305084745763,,,,,12.0
2025-06-06,412.0,6.27885922330097,,,,,12.5
2025-06-07,383.0,6.210939947780679,,,,,12.5
2025-06-08,499.0,6.355390781563127,,,,,12.0
2025-06-09,269.0,6.143754646840149,,,,,12.0
2025-06-10,288.0,6.261770833333333,,,,,12.0
2025-06-11,296.0,6.137094594594594,,,,,12.0
2025-06-12,366.0,6.278934426229509,,,,,12.0
2025-06-13,408.0,6.302083333333333,,,,,12.5
2025-06-14,367.0,6.257520435967303,,,,,12.5
2025-06-15,457.0,6.503260393873085,,,,,12.0
2025-06-16,309.0,6.386019417475728,,,,,12.0
2025-06-17,302.0,6.261192052980133,,,,,12.0
2025-06-18,351.0,6.223789173789174,,,,,12.0
2025-06-19,498.0,6.264497991967871,,,,,12.0
2025-06-20,520.0,6.301384615384615,,,,,12.5
2025-06-21,507.0,6.413195266272189,,,,,12.5
2025-06-22,500.0,6.34286,,,,,12.0
2025-06-23,434.0,6.122557603686636,,,,,12.0
2025-06-24,524.0,6.033034351145038,,,,,12.0
2025-06-25,394.0,6.170152284263959,,,,,12.0
2025-06-26,362.0,6.278370165745856,,,,,12.0
2025-06-27,332.0,6.1694578313253015,,,,,12.5
2025-06-28,355.0,6.369830985915493,,,,,12.5
2025-06-29,487.0,6.289507186858316,,,,,12.0
2025-06-30,313.0,6.160319488817891,,,,,12.0
2025-07-01,,6.367892677110831,88.0,72.0,80.0,0.0,12.0
2025-07-02,,6.3686923170562295,81.0,70.0,75.5,0.0,12.0
2025-07-03,,6.3694919559211485,82.0,61.0,71.5,0.0,12.0
2025-07-04,,6.370291593704678,76.0,60.0,68.0,0.05,12.5
2025-07-05,,6.371091230405909,79.0,60.0,69.5,0.0,12.5
2025-07-06,,6.371890866026661,91.0,65.0,78.0,0.0,12.0
2025-07-07,,6.372690500565113,84.0,68.0,76.0,0.0,12.0
2025-07-08,,6.373490134023996,86.0,72.0,79.0,0.0,12.0
2025-07-09,,6.37428976639967,76.0,66.0,71.0,0.5,12.0
2025-07-10,,6.375089397693955,68.0,62.0,65.0,0.79,12.0
2025-07-11,,6.3758890279077605,81.0,61.0,71.0,0.07,12.5
2025-07-12,,6.376688657039267,82.0,66.0,74.0,0.0,12.5
2025-07-13,,6.377488285090294,80.0,63.0,71.5,0.0,12.0
2025-07-14,,6.378287912059932,79.0,66.0,72.5,0.0,12.0
2025-07-15,,6.37908753794818,90.0,69.0,79.5,0.0,12.0
2025-07-16,,6.37988716275413,88.0,72.0,80.0,0.0,12.0
2025-07-17,,6.380686786478691,85.0,67.0,76.0,0.2,12.0
2025-07-18,,6.381486409122772,79.0,59.0,69.0,0.0,14.0
2025-07-19,,6.382286030684554,81.0,65.0,73.0,0.1,14.0
2025-07-20,,6.383085651165857,76.0,63.0,69.5,0.46,12.0
2025-07-21,,6.38388527056577,78.0,61.0,69.5,0.0,12.0
2025-07-22,,6.384684888884294,79.0,62.0,70.5,0.0,12.0
2025-07-23,,6.385484506121429,81.0,67.0,74.0,0.0,12.0
2025-07-24,,6.386284122276265,84.0,69.0,76.5,0.01,12.0
2025-07-25,,6.387083737350622,85.0,68.0,76.5,0.03,14.0
2025-07-26,,6.387883351343589,82.0,64.0,73.0,0.0,14.0
2025-07-27,,6.3886829642551675,82.0,64.0,73.0,0.0,12.0
2025-07-28,,6.389482576085356,80.0,65.0,72.5,0.04,12.0
2025-07-29,,6.390282186834156,81.0,66.0,73.5,0.09,12.0
2025-07-30,,6.391081796500657,80.0,62.0,71.0,0.0,12.0
2025-07-31,,6.391881405087588,80.0,62.0,71.0,0.0,12.0
2025-08-01,,6.39268101259222,80.0,62.0,71.0,0.0,14.0
2025-08-02,,6.393480619015463,80.0,62.0,71.0,0.0,14.0
2025-08-03,,6.394280224357317,80.0,62.0,71.0,0.0,12.0
2025-08-04,,6.395079828618691,79.0,62.0,70.5,0.0,12.0
2025-08-05,,6.395879431797766,79.0,62.0,70.5,0.0,12.0
2025-08-06,,6.396679033896362,79.0,62.0,70.5,0.0,12.0
2025-08-07,,6.397478634912659,79.0,62.0,70.5,0.0,12.0
2025-08-08,,6.398278234848476,79.0,62.0,70.5,0.0,14.0
2025-08-09,,6.399077833702904,79.0,61.0,70.0,0.0,14.0
2025-08-10,,6.399877431475943,79.0,61.0,70.0,0.0,12.0
2025-08-11,,6.400677028167593,79.0,61.0,70.0,0.0,12.0
2025-08-12,,6.401476623776944,79.0,61.0,70.0,0.0,12.0
2025-08-13,,6.402276218306724,79.0,61.0,70.0,0.0,12.0
2025-08-14,,6.403075811753297,79.0,61.0,70.0,0.0,12.0
2025-08-15,,6.40387540411939,78.0,61.0,69.5,0.0,14.0
2025-08-16,,6.404674995405003,78.0,61.0,69.5,0.0,14.0
2025-08-17,,6.405474585608317,78.0,61.0,69.5,0.0,12.0
2025-08-18,,6.406274174731152,78.0,61.0,69.5,0.0,12.0
2025-08-19,,6.407073762773507,78.0,60.0,69.0,0.0,12.0
2025-08-20,,6.407873349732654,78.0,60.0,69.0,0.0,12.0
2025-08-21,,6.408672935611321,78.0,60.0,69.0,0.0,12.0
2025-08-22,,6.409472520409508,78.0,60.0,69.0,0.0,14.0
2025-08-23,,6.410272104125397,77.0,60.0,68.5,0.0,14.0
2025-08-24,,6.411071686759897,77.0,60.0,68.5,0.0,12.0
2025-08-25,,6.411871268313007,77.0,59.0,68.0,0.0,12.0
2025-08-26,,6.412670848784728,77.0,59.0,68.0,0.0,12.0
2025-08-27,,6.413470428176879,77.0,59.0,68.0,0.0,12.0
2025-08-28,,6.414270006486731,77.0,59.0,68.0,0.0,12.0
2025-08-29,,6.415069583715194,76.0,59.0,67.5,0.0,14.0
2025-08-30,,6.415869159862268,76.0,58.0,67.0,0.0,14.0
2025-08-31,,6.416668734928862,76.0,58.0,67.0,0.0,12.0
2025-09-01,,6.417468308913158,76.0,58.0,67.0,0.0,12.0
2025-09-02,,6.418267881816064,75.0,58.0,66.5,0.0,12.0
2025-09-03,,6.4190674536394,75.0,57.0,66.0,0.0,12.0
2025-09-04,,6.419867024380437,75.0,57.0,66.0,0.0,12.0
2025-09-05,,6.420666594039176,75.0,57.0,66.0,0.0,14.0
2025-09-06,,6.421466162619254,74.0,57.0,65.5,0.0,14.0
2025-09-07,,6.422265730115214,74.0,56.0,65.0,0.0,12.0
2025-09-08,,6.4230652965325135,74.0,56.0,65.0,0.0,12.0
2025-09-09,,6.423864861867514,73.0,56.0,64.5,0.0,12.0
2025-09-10,,6.424664426120216,73.0,55.0,64.0,0.0,12.0
2025-09-11,,6.425463989292439,73.0,55.0,64.0,0.0,12.0
2025-09-12,,6.4262635513841815,72.0,54.0,63.0,0.0,14.0
2025-09-13,,6.427063112394535,72.0,54.0,63.0,0.0,14.0
2025-09-14,,6.427862672323499,72.0,54.0,63.0,0.0,12.0
2025-09-15,,6.428662231171074,71.0,54.0,62.5,0.0,12.0
2025-09-16,,6.42946178893726,71.0,53.0,62.0,0.0,12.0
2025-09-17,,6.4302613456229665,70.0,53.0,61.5,0.0,12.0
2025-09-18,,6.431060901226374,70.0,53.0,61.5,0.0,12.0
2025-09-19,,6.431860455750211,70.0,52.0,61.0,0.0,14.0
2025-09-20,,6.43266000919175,69.0,52.0,60.5,0.0,14.0
2025-09-21,,6.433459561551899,69.0,51.0,60.0,0.0,12.0
2025-09-22,,6.434259112831569,68.0,51.0,59.5,0.0,12.0
2025-09-23,,6.435058663029849,68.0,51.0,59.5,0.0,12.0
2025-09-24,,6.435858212146741,68.0,50.0,59.0,0.0,12.0
2025-09-25,,6.436657760182243,67.0,50.0,58.5,0.0,12.0
2025-09-26,,6.437457307136356,67.0,49.0,58.0,0.0,14.0
2025-09-27,,6.438256853009989,66.0,49.0,57.5,0.0,14.0
2025-09-28,,6.439056397803142,66.0,49.0,57.5,0.0,12.0
2025-09-29,,6.439855941513997,65.0,48.0,56.5,0.0,12.0
2025-09-30,,6.440655484144372,65.0,48.0,56.5,0.0,12.0
2025-10-01,,6.4414550256924485,65.0,48.0,56.5,0.0,12.0
2025-10-02,,6.442254566160045,64.0,47.0,55.5,0.0,12.0
2025-10-03,,6.443054105546253,64.0,47.0,55.5,0.0,14.0
2025-10-04,,6.4438536438519805,63.0,46.0,54.5,0.0,14.0
2025-10-05,,6.444653181076319,63.0,46.0,54.5,0.0,12.0
2025-10-06,,6.445452717218359,63.0,46.0,54.5,0.0,12.0
2025-10-07,,6.4462522522808285,62.0,45.0,53.5,0.0,12.0
2025-10-08,,6.447051786261909,62.0,45.0,53.5,0.0,12.0
2025-10-09,,6.4478513191616,61.0,45.0,53.0,0.0,12.0
2025-10-10,,6.448650850979902,61.0,44.0,52.5,0.0,14.0
2025-10-11,,6.449450381716815,61.0,44.0,52.5,0.0,14.0
2025-10-12,,6.450249911373248,60.0,44.0,52.0,0.0,12.0
2025-10-13,,6.451049439948292,60.0,43.0,51.5,0.0,12.0
2025-10-14,,6.4518489674428565,60.0,43.0,51.5,0.0,12.0
2025-10-15,,6.452648493855122,59.0,42.0,50.5,0.0,12.0
2025-10-16,,6.453448019187817,59.0,42.0,50.5,0.0,12.0
2025-10-17,,6.454247543438214,58.0,42.0,50.0,0.0,14.0
2025-10-18,,6.4550470666072215,58.0,41.0,49.5,0.0,14.0
2025-10-19,,6.455846588696659,58.0,41.0,49.5,0.0,12.0
2025-10-20,,6.456646109703797,57.0,41.0,49.0,0.0,12.0
2025-10-21,,6.457445629629547,57.0,40.0,48.5,0.0,12.0
2025-10-22,,6.458245148474816,57.0,40.0,48.5,0.0,12.0
2025-10-23,,6.459044666238697,56.0,40.0,48.0,0.0,12.0
2025-10-24,,6.459844182922097,56.0,40.0,48.0,0.0,14.0
2025-10-25,,6.460643698524109,56.0,39.0,47.5,0.0,14.0
2025-10-26,,6.461443213043822,55.0,39.0,47.0,0.0,12.0
2025-10-27,,6.462242726484874,55.0,39.0,47.0,0.0,12.0
2025-10-28,,6.463042238843627,55.0,38.0,46.5,0.0,12.0
2025-10-29,,6.463841750120082,54.0,38.0,46.0,0.0,12.0
2025-10-30,,6.4646412603169665,54.0,38.0,46.0,0.0,12.0
2025-10-31,,6.465440769432462,54.0,37.0,45.5,0.0,14.0
2025-11-01,,6.466240277466568,53.0,37.0,45.0,0.0,14.0
2025-11-02,,6.467039784419285,53.0,37.0,45.0,0.0,12.0
2025-11-03,,6.4678392902924315,53.0,36.0,44.5,0.0,12.0
2025-11-04,,6.4686387950832795,52.0,36.0,44.0,0.0,12.0
2025-11-05,,6.469438298793648,52.0,36.0,44.0,0.0,12.0
2025-11-06,,6.470237801422627,52.0,35.0,43.5,0.0,12.0
2025-11-07,,6.471037302970217,51.0,35.0,43.0,0.0,14.0
2025-11-08,,6.4718368034382365,51.0,35.0,43.0,0.1,14.0
2025-11-09,,6.472636302823048,50.0,35.0,42.5,0.1,12.0
2025-11-10,,6.473435801128289,50.0,34.0,42.0,0.1,12.0
2025-11-11,,6.474235298352141,50.0,34.0,42.0,0.1,12.0
2025-11-12,,6.475034794494604,49.0,34.0,41.5,0.1,12.0
2025-11-13,,6.4758342895565875,49.0,33.0,41.0,0.1,12.0
2025-11-14,,6.476633783537181,49.0,33.0,41.0,0.1,14.0
2025-11-15,,6.477433276437296,48.0,33.0,40.5,0.1,14.0
2025-11-16,,6.478232768255111,48.0,32.0,40.0,0.1,12.0
2025-11-17,,6.479032258993357,47.0,32.0,39.5,0.1,12.0
2025-11-18,,6.479831748650213,47.0,32.0,39.5,0.1,12.0
2025-11-19,,6.480631237226589,47.0,31.0,39.0,0.1,12.0
2025-11-20,,6.481430724720667,46.0,31.0,38.5,0.1,12.0
2025-11-21,,6.482230211134265,46.0,31.0,38.5,0.1,14.0
2025-11-22,,6.483029696466474,46.0,31.0,38.5,0.2,14.0
2025-11-23,,6.483829180719113,45.0,30.0,37.5,0.2,12.0
2025-11-24,,6.484628663888543,45.0,30.0,37.5,0.2,12.0
2025-11-25,,6.485428145978403,44.0,30.0,37.0,0.2,12.0
2025-11-26,,6.486227626986874,44.0,29.0,36.5,0.2,12.0
2025-11-27,,6.487027106914866,44.0,29.0,36.5,0.2,12.0
2025-11-28,,6.487826585761468,43.0,29.0,36.0,0.2,14.0
2025-11-29,,6.488626063526681,43.0,28.0,35.5,0.2,14.0
2025-11-30,,6.4894255402123235,43.0,28.0,35.5,0.0,12.0
2025-12-01,,6.490225015815668,42.0,28.0,35.0,0.0,12.0
2025-12-02,,6.491024490338532,42.0,27.0,34.5,0.2,12.0
2025-12-03,,6.491823963780007,41.0,27.0,34.0,0.2,12.0
2025-12-04,,6.4926234361410025,41.0,27.0,34.0,0.2,12.0
2025-12-05,,6.493422907420609,41.0,27.0,34.0,0.3,14.0
2025-12-06,,6.494222377619735,40.0,26.0,33.0,0.3,14.0
2025-12-07,,6.4950218467374725,40.0,26.0,33.0,0.3,12.0
2025-12-08,,6.495821314773821,40.0,26.0,33.0,0.3,12.0
2025-12-09,,6.496620781729689,39.0,25.0,32.0,0.3,12.0
2025-12-10,,6.497420247605078,39.0,25.0,32.0,0.3,12.0
2025-12-11,,6.498219712399077,39.0,25.0,32.0,0.3,12.0
2025-12-12,,6.499019176111688,38.0,25.0,31.5,0.3,14.0
2025-12-13,,6.499818638743818,38.0,24.0,31.0,0.3,14.0
2025-12-14,,6.500618100295469,38.0,24.0,31.0,0.3,12.0
2025-12-15,,6.501417560765731,38.0,24.0,31.0,0.3,12.0
2025-12-16,,6.502217020155513,37.0,23.0,30.0,0.4,12.0
2025-12-17,,6.5030164784639055,37.0,23.0,30.0,0.4,12.0
2025-12-18,,6.503815935691819,37.0,23.0,30.0,0.4,12.0
2025-12-19,,6.5046153918383425,36.0,23.0,29.5,0.4,14.0
2025-12-20,,6.505414846903477,36.0,22.0,29.0,0.4,14.0
2025-12-21,,6.506214300888132,36.0,22.0,29.0,0.4,12.0
2025-12-22,,6.507013753792307,36.0,22.0,29.0,0.4,12.0
2025-12-23,,6.5078132056150935,36.0,21.0,28.5,0.4,12.0
2025-12-24,,6.50861265635649,35.0,21.0,28.0,0.4,12.0
2025-12-25,,6.509412106018317,35.0,21.0,28.0,0.5,12.0
2025-12-26,,6.510211554597845,35.0,21.0,28.0,0.5,14.0
2025-12-27,,6.511011002096893,35.0,20.0,27.5,0.5,14.0
2025-12-28,,6.511810448516371,34.0,20.0,27.0,0.5,12.0
2025-12-29,,6.512609893853551,34.0,20.0,27.0,0.5,12.0
2025-12-30,,6.51340933811025,34.0,20.0,27.0,0.5,12.0
2025-12-31,,6.514208781285561,34.0,19.0,26.5,0.0,12.0
2026-01-01,,6.515008223380391,34.0,19.0,26.5,0.5,12.0
2026-01-02,,6.5158076643947425,33.0,19.0,26.0,0.5,14.0
2026-01-03,,6.516607104326795,33.0,19.0,26.0,0.5,14.0
2026-01-04,,6.517406543179277,33.0,19.0,26.0,0.4,12.0
2026-01-05,,6.51820598095037,33.0,18.0,25.5,0.4,12.0
2026-01-06,,6.519005417640983,33.0,18.0,25.5,0.4,12.0
2026-01-07,,6.519804853251117,33.0,18.0,25.5,0.4,12.0
2026-01-08,,6.520604287779861,33.0,18.0,25.5,0.4,12.0
2026-01-09,,6.521403721227216,33.0,18.0,25.5,0.3,14.0
2026-01-10,,6.522203153594091,32.0,17.0,24.5,0.3,14.0
2026-01-11,,6.523002584880487,32.0,17.0,24.5,0.3,12.0
2026-01-12,,6.523802015084584,32.0,17.0,24.5,0.3,12.0
2026-01-13,,6.524601444209111,32.0,17.0,24.5,0.3,12.0
2026-01-14,,6.525400872253158,32.0,17.0,24.5,0.3,12.0
2026-01-15,,6.526200299215816,32.0,17.0,24.5,0.3,12.0
2026-01-16,,6.526999725097085,32.0,17.0,24.5,0.2,14.0
2026-01-17,,6.527799149898783,32.0,17.0,24.5,0.2,14.0
2026-01-18,,6.528598573618183,32.0,17.0,24.5,0.2,12.0
2026-01-19,,6.529397996258012,32.0,16.0,24.0,0.2,12.0
2026-01-20,,6.530197417816453,32.0,16.0,24.0,0.2,12.0
2026-01-21,,6.530996838293504,32.0,16.0,24.0,0.2,12.0
2026-01-22,,6.531796257690985,32.0,16.0,24.0,0.1,12.0
2026-01-23,,6.532595676007077,32.0,16.0,24.0,0.1,14.0
2026-01-24,,6.533395093241779,32.0,16.0,24.0,0.1,14.0
2026-01-25,,6.534194509396002,32.0,16.0,24.0,0.1,12.0
2026-01-26,,6.534993924468836,32.0,16.0,24.0,0.1,12.0
2026-01-27,,6.535793338463009,32.0,16.0,24.0,0.0,12.0
2026-01-28,,6.536592751374883,32.0,16.0,24.0,0.0,12.0
2026-01-29,,6.537392163205368,32.0,16.0,24.0,0.0,12.0
2026-01-30,,6.538191573956283,32.0,17.0,24.5,0.0,14.0
2026-01-31,,6.538990983624899,32.0,17.0,24.5,0.0,14.0
2026-02-01,,6.539790392213945,33.0,17.0,25.0,0.0,12.0
2026-02-02,,6.540589799721602,33.0,17.0,25.0,0.0,12.0
2026-02-03,,6.541389206148779,33.0,17.0,25.0,0.0,12.0
2026-02-04,,6.542188611495476,33.0,17.0,25.0,0.0,12.0
2026-02-05,,6.542988015760784,33.0,17.0,25.0,0.0,12.0
2026-02-06,,6.543787418945612,33.0,17.0,25.0,0.0,14.0
2026-02-07,,6.544586821049052,33.0,17.0,25.0,0.0,14.0
2026-02-08,,6.545386222072011,34.0,18.0,26.0,0.0,12.0
2026-02-09,,6.546185622014491,34.0,18.0,26.0,0.0,12.0
2026-02-10,,6.546985020876491,34.0,18.0,26.0,0.0,12.0
2026-02-11,,6.547784418657102,34.0,18.0,26.0,0.0,12.0
2026-02-12,,6.548583815357233,34.0,18.0,26.0,0.0,12.0
2026-02-13,,6.549383210975975,35.0,18.0,26.5,0.0,14.0
2026-02-14,,6.550182605516056,35.0,19.0,27.0,0.0,14.0
2026-02-15,,6.550981998973839,35.0,19.0,27.0,0.0,12.0
2026-02-16,,6.551781391350232,35.0,19.0,27.0,0.0,12.0
2026-02-17,,6.552580782646146,36.0,19.0,27.5,0.0,12.0
2026-02-18,,6.55338017286158,36.0,20.0,28.0,0.0,12.0
2026-02-19,,6.554179561997444,36.0,20.0,28.0,0.0,12.0
2026-02-20,,6.554978950051009,36.0,20.0,28.0,0.0,14.0
2026-02-21,,6.555778337024094,37.0,20.0,28.5,0.0,14.0
2026-02-22,,6.556577722917609,37.0,20.0,28.5,0.0,12.0
2026-02-23,,6.557377107728826,37.0,21.0,29.0,0.0,12.0
2026-02-24,,6.558176491460472,37.0,21.0,29.0,0.0,12.0
2026-02-25,,6.558975874109819,37.0,21.0,29.0,0.0,12.0
2026-02-26,,6.559775255680506,38.0,21.0,29.5,0.0,12.0
2026-02-27,,6.560574636169804,38.0,22.0,30.0,0.0,14.0
2026-02-28,,6.561374015576803,38.0,22.0,30.0,0.0,14.0
2026-03-01,,6.5621733939042315,39.0,22.0,30.5,0.0,12.0
2026-03-02,,6.5629727711511805,39.0,22.0,30.5,0.0,12.0
2026-03-03,,6.56377214731765,39.0,23.0,31.0,0.0,12.0
2026-03-04,,6.56457152240273,39.0,23.0,31.0,0.0,12.0
2026-03-05,,6.56537089640733,40.0,23.0,31.5,0.0,12.0
2026-03-06,,6.566170269331451,40.0,23.0,31.5,0.0,14.0
2026-03-07,,6.566969641175092,40.0,24.0,32.0,0.0,14.0
2026-03-08,,6.567769011937344,40.0,24.0,32.0,0.0,12.0
2026-03-09,,6.568568381619116,41.0,24.0,32.5,0.0,12.0
2026-03-10,,6.569367750220408,41.0,24.0,32.5,0.0,12.0
2026-03-11,,6.57016711774213,41.0,25.0,33.0,0.0,12.0
2026-03-12,,6.570966484180644,42.0,25.0,33.5,0.0,12.0
2026-03-13,,6.571765849540498,42.0,25.0,33.5,0.0,14.0
2026-03-14,,6.572565213818962,42.0,25.0,33.5,0.0,14.0
2026-03-15,,6.5733645770160365,42.0,26.0,34.0,0.0,12.0
2026-03-16,,6.574163939133541,43.0,26.0,34.5,0.0,12.0
2026-03-17,,6.574963300169657,43.0,26.0,34.5,0.0,12.0
2026-03-18,,6.575762660126202,43.0,26.0,34.5,0.0,12.0
2026-03-19,,6.576562019000448,44.0,27.0,35.5,0.0,12.0
2026-03-20,,6.577361376796034,44.0,27.0,35.5,0.0,14.0
2026-03-21,,6.578160733508412,44.0,27.0,35.5,0.0,14.0
2026-03-22,,6.578960089142129,45.0,28.0,36.5,0.0,12.0
2026-03-23,,6.579759443694456,45.0,28.0,36.5,0.0,12.0
2026-03-24,,6.580558797166304,46.0,28.0,37.0,0.0,12.0
2026-03-25,,6.581358149558582,46.0,29.0,37.5,0.0,12.0
2026-03-26,,6.582157500868561,46.0,29.0,37.5,0.0,12.0
2026-03-27,,6.582956851098061,47.0,29.0,38.0,0.0,14.0
2026-03-28,,6.58375620024799,47.0,30.0,38.5,0.0,14.0
2026-03-29,,6.58455554831653,48.0,30.0,39.0,0.0,12.0
2026-03-30,,6.58535489530459,48.0,30.0,39.0,0.0,12.0
2026-03-31,,6.586154241212171,48.0,31.0,39.5,0.0,12.0
2026-04-01,,6.586953586038362,49.0,31.0,40.0,0.0,12.0
2026-04-02,,6.587752929784074,49.0,31.0,40.0,0.0,12.0
2026-04-03,,6.588552272450215,50.0,32.0,41.0,0.0,14.0
2026-04-04,,6.589351614035877,50.0,32.0,41.0,0.0,14.0
2026-04-05,,6.59015095453924,51.0,32.0,41.5,0.0,12.0
2026-04-06,,6.590950293963033,51.0,33.0,42.0,0.0,12.0
2026-04-07,,6.591749632306346,52.0,33.0,42.5,0.0,12.0
2026-04-08,,6.5925489695691795,52.0,34.0,43.0,0.0,12.0
2026-04-09,,6.593348305749714,53.0,34.0,43.5,0.0,12.0
2026-04-10,,6.594147640851588,53.0,34.0,43.5,0.0,14.0
2026-04-11,,6.594946974872073,54.0,35.0,44.5,0.0,14.0
2026-04-12,,6.595746307812078,54.0,35.0,44.5,0.0,12.0
2026-04-13,,6.596545639671604,55.0,36.0,45.5,0.0,12.0
2026-04-14,,6.597344970451559,55.0,36.0,45.5,0.0,12.0
2026-04-15,,6.598144300149215,56.0,36.0,46.0,0.0,12.0
2026-04-16,,6.598943628766392,56.0,37.0,46.5,0.0,12.0
2026-04-17,,6.599742956303999,57.0,37.0,47.0,0.0,14.0
2026-04-18,,6.600542282760216,57.0,38.0,47.5,0.0,14.0
2026-04-19,,6.601341608136863,58.0,38.0,48.0,0.0,12.0
2026-04-20,,6.602140932432121,58.0,38.0,48.0,0.0,12.0
2026-04-21,,6.6029402556468995,58.0,39.0,48.5,0.0,12.0
2026-04-22,,6.603739577781198,59.0,39.0,49.0,0.0,12.0
2026-04-23,,6.604538898835926,59.0,39.0,49.0,0.0,12.0
2026-04-24,,6.605338218808356,60.0,40.0,50.0,0.0,14.0
2026-04-25,,6.6061375377012155,60.0,40.0,50.0,0.0,14.0
2026-04-26,,6.606936855513595,61.0,41.0,51.0,0.0,12.0
2026-04-27,,6.607736172244586,61.0,41.0,51.0,0.0,12.0
2026-04-28,,6.608535487895097,61.0,41.0,51.0,0.0,12.0
2026-04-29,,6.609334802466037,62.0,42.0,52.0,0.0,12.0
2026-04-30,,6.610134115955589,62.0,42.0,52.0,0.0,12.0
2026-05-01,,6.61093342836466,63.0,42.0,52.5,0.0,14.0
2026-05-02,,6.611732739694162,63.0,43.0,53.0,0.0,14.0
2026-05-03,,6.612532049942274,63.0,43.0,53.0,0.0,12.0
2026-05-04,,6.613331359109907,64.0,43.0,53.5,0.0,12.0
2026-05-05,,6.61413066719706,64.0,44.0,54.0,0.0,12.0
2026-05-06,,6.614929974203733,64.0,44.0,54.0,0.0,12.0
2026-05-07,,6.615729280129926,64.0,44.0,54.0,0.0,12.0
2026-05-08,,6.61652858497655,65.0,45.0,55.0,0.0,14.0
2026-05-09,,6.617327888740874,65.0,45.0,55.0,0.0,14.0
2026-05-10,,6.6181271914256286,65.0,45.0,55.0,0.0,12.0
2026-05-11,,6.618926493028994,66.0,45.0,55.5,0.0,12.0
2026-05-12,,6.619725793552789,66.0,46.0,56.0,0.0,12.0
2026-05-13,,6.620525092996104,66.0,46.0,56.0,0.0,12.0
2026-05-14,,6.6213243913589395,66.0,46.0,56.0,0.0,12.0
2026-05-15,,6.622123688640386,67.0,47.0,57.0,0.0,14.0
2026-05-16,,6.622922984842262,67.0,47.0,57.0,0.0,14.0
2026-05-17,,6.623722279963658,67.0,47.0,57.0,0.0,12.0
2026-05-18,,6.624521574004575,67.0,47.0,57.0,0.0,12.0
2026-05-19,,6.625320866965012,67.0,48.0,57.5,0.0,12.0
2026-05-20,,6.626120158844969,68.0,48.0,58.0,0.0,12.0
2026-05-21,,6.6269194496435375,68.0,48.0,58.0,0.0,12.0
2026-05-22,,6.627718739362535,68.0,49.0,58.5,0.0,14.0
2026-05-23,,6.628518028000144,68.0,49.0,58.5,0.0,14.0
2026-05-24,,6.629317315558183,69.0,49.0,59.0,0.0,12.0
2026-05-25,,6.630116602035741,69.0,49.0,59.0,0.0,12.0
2026-05-26,,6.6309158874328205,69.0,50.0,59.5,0.0,12.0
2026-05-27,,6.63171517174851,69.0,50.0,59.5,0.0,12.0
2026-05-28,,6.6325144549855395,70.0,50.0,60.0,0.0,12.0
2026-05-29,,6.63331373714027,70.0,51.0,60.5,0.0,14.0
2026-05-30,,6.634113018214521,70.0,51.0,60.5,0.0,14.0
2026-05-31,,6.634912298210111,70.0,51.0,60.5,0.0,12.0
2026-06-01,,6.635711577123402,70.0,51.0,60.5,0.0,12.0
2026-06-02,,6.636510854958033,71.0,52.0,61.5,0.0,12.0
2026-06-03,,6.637310131711274,71.0,52.0,61.5,0.0,12.0
2026-06-04,,6.638109407384036,71.0,52.0,61.5,0.0,12.0
2026-06-05,,6.638908681976318,72.0,53.0,62.5,0.0,14.0
2026-06-06,,6.63970795548812,72.0,53.0,62.5,0.0,14.0
2026-06-07,,6.640507227919443,72.0,53.0,62.5,0.0,12.0
2026-06-08,,6.641306499271195,72.0,54.0,63.0,0.0,12.0
2026-06-09,,6.642105769541558,73.0,54.0,63.5,0.0,12.0
2026-06-10,,6.642905038731442,73.0,54.0,63.5,0.0,12.0
2026-06-11,,6.643704306841755,73.0,55.0,64.0,0.0,12.0
2026-06-12,,6.644503573870679,74.0,55.0,64.5,0.0,14.0
2026-06-13,,6.645302839819124,74.0,55.0,64.5,0.0,14.0
2026-06-14,,6.646102104687998,74.0,56.0,65.0,0.0,12.0
2026-06-15,,6.646901368476392,74.0,56.0,65.0,0.0,12.0
2026-06-16,,6.6477006311833975,75.0,56.0,65.5,0.0,12.0
2026-06-17,,6.648499892811742,75.0,57.0,66.0,0.0,12.0
2026-06-18,,6.649299153357788,75.0,57.0,66.0,0.0,12.0
2026-06-19,,6.6500984128242635,76.0,57.0,66.5,0.0,14.0
2026-06-20,,6.650897671211169,76.0,57.0,66.5,0.0,14.0
2026-06-21,,6.651696928516685,76.0,58.0,67.0,0.0,12.0
2026-06-22,,6.652496184741722,76.0,58.0,67.0,0.0,12.0
2026-06-23,,6.653295439887188,77.0,58.0,67.5,0.0,12.0
2026-06-24,,6.654094693952175,77.0,59.0,68.0,0.0,12.0
2026-06-25,,6.654893946935772,77.0,59.0,68.0,0.0,12.0
2026-06-26,,6.655693198840709,78.0,59.0,68.5,0.0,14.0
2026-06-27,,6.656492449664256,78.0,59.0,68.5,0.0,14.0
2026-06-28,,6.657291699406414,78.0,60.0,69.0,0.0,12.0
2026-06-29,,6.658090948069912,78.0,60.0,69.0,0.0,12.0
2026-06-30,,6.65889019565202,78.0,60.0,69.0,0.0,12.0
2026-07-01,,6.6596894421545585,79.0,60.0,69.5,0.0,12.0
2026-07-02,,6.6604886875757074,79.0,60.0,69.5,0.0,12.0
2026-07-03,,6.661287931916377,79.0,61.0,70.0,0.0,14.0
2026-07-04,,6.662087175177476,79.0,61.0,70.0,0.0,14.0
2026-07-05,,6.662886417358095,79.0,61.0,70.0,0.0,12.0
2026-07-06,,6.663685658459144,79.0,61.0,70.0,0.0,12.0
2026-07-07,,6.664484898478804,80.0,61.0,70.5,0.0,12.0
2026-07-08,,6.665284137418894,80.0,61.0,70.5,0.0,12.0
2026-07-09,,6.666083375278504,80.0,62.0,71.0,0.0,12.0
2026-07-10,,6.666882612056725,80.0,62.0,71.0,0.0,14.0
2026-07-11,,6.667681847755375,80.0,62.0,71.0,0.0,14.0
2026-07-12,,6.668481082373546,80.0,62.0,71.0,0.0,12.0
2026-07-13,,6.669280315912147,80.0,62.0,71.0,0.0,12.0
2026-07-14,,6.670079548369358,80.0,62.0,71.0,0.0,12.0
2026-07-15,,6.67087877974609,80.0,62.0,71.0,0.0,12.0
2026-07-16,,6.671678010043252,80.0,62.0,71.0,0.0,12.0
2026-07-17,,6.672477239259933,80.0,62.0,71.0,0.0,14.0
2026-07-18,,6.673276467397045,80.0,62.0,71.0,0.0,14.0
2026-07-19,,6.674075694451858,80.0,62.0,71.0,0.0,12.0
2026-07-20,,6.67487492042801,80.0,62.0,71.0,0.0,12.0
2026-07-21,,6.675674145323683,80.0,62.0,71.0,0.0,12.0
2026-07-22,,6.676473369138876,80.0,62.0,71.0,0.0,12.0
2026-07-23,,6.677272591873589,80.0,62.0,71.0,0.0,12.0
2026-07-24,,6.678071813528732,80.0,62.0,71.0,0.0,14.0
2026-07-25,,6.678871034102485,80.0,62.0,71.0,0.0,14.0
2026-07-26,,6.679670253596669,80.0,62.0,71.0,0.0,12.0
2026-07-27,,6.6804694720103726,80.0,62.0,71.0,0.0,12.0
2026-07-28,,6.681268689344506,80.0,62.0,71.0,0.0,12.0
2026-07-29,,6.6820679055972505,80.0,62.0,71.0,0.0,12.0
2026-07-30,,6.682867120769515,80.0,62.0,71.0,0.0,12.0
2026-07-31,,6.68366633486221,80.0,62.0,71.0,0.0,14.0
2026-08-01,,6.684465547875334,80.0,62.0,71.0,0.0,14.0
