Date,Max_Temp,Avg_Temp,Min_Temp,Precipitation
2022-01-01,49,48.5,48,0
2022-01-02,48,43,29,0.33
2022-01-03,28,22.4,15,0.02
2022-01-04,30,20.9,12,0
2022-01-05,43,36.5,25,0
2022-01-06,37,31.9,28,0.15
2022-01-07,28,25.1,17,0.35
2022-01-08,26,17.5,11,0.17
2022-01-09,37,32.6,17,0
2022-01-10,34,23,15,0.08
2022-01-11,15,8.6,2,0.01
2022-01-12,34,23.2,4,0
2022-01-13,42,34.7,28,0
2022-01-14,39,31.8,12,0
2022-01-15,12,4.6,0,0
2022-01-16,26,16.7,1,0
2022-01-17,41,33.8,24,0.68
2022-01-18,28,22.7,14,0.68
2022-01-19,41,30.2,14,0
2022-01-20,39,30.4,15,0.05
2022-01-21,18,11,5,0
2022-01-22,24,14.1,6,0
2022-01-23,30,23,16,0
2022-01-24,27,23.2,17,0.01
2022-01-25,34,27.8,20,0.09
2022-01-26,21,15.2,9,0
2022-01-27,23,14,3,0
2022-01-28,33,27,22,0
2022-01-29,26,15.4,8,0.16
2022-01-30,19,11.3,5,0.34
2022-01-31,27,18.8,10,0
2022-02-01,28,24.4,19,0
2022-02-02,43,35.7,28,0
2022-02-03,45,41.4,38,0
2022-02-04,50,32.1,22,1.25
2022-02-05,24,17.8,11,0.97
2022-02-06,25,16.2,7,0
2022-02-07,35,30.2,20,0
2022-02-08,38,34.6,29,0.68
2022-02-09,42,31.9,23,0.02
2022-02-10,47,38.6,31,0
2022-02-11,50,40.3,29,0
2022-02-12,54,45.3,32,0
2022-02-13,22,22,22,0
2022-02-14,22,16.4,9,0.16
2022-02-15,24,15.1,6,0
2022-02-16,42,31.2,13,0
2022-02-17,58,53.3,44,0
2022-02-18,59,44,19,0.42
2022-02-19,32,24.2,14,0.03
2022-02-20,30,20.4,10,0.03
2022-02-21,54,39.2,28,0
2022-02-22,55,40.7,32,0
2022-02-23,63,50.5,27,0.76
2022-02-24,26,23.5,19,0.02
2022-02-25,25,20.8,16,0.28
2022-02-26,29,19.5,10,0.67
2022-02-27,37,26.3,16,0
2022-02-28,26,19.7,14,0
2022-03-01,37,29.2,13,0
2022-03-02,38,35.4,30,0.21
2022-03-03,34,30.1,17,0.13
2022-03-04,29,20.8,11,0
2022-03-05,38,29.5,19,0
2022-03-06,61,46,35,0
2022-03-07,57,51.7,41,0.02
2022-03-08,39,34.5,30,0.19
2022-03-09,34,30,28,0
2022-03-10,46,36.3,27,0.31
2022-03-11,51,40.2,31,0
2022-03-12,41,32.2,18,0.01
2022-03-13,18,17.5,17,0
2022-03-14,47,37,24,0
2022-03-15,60,47.5,40,0
2022-03-16,57,43.9,34,0.11
2022-03-17,53,46.9,38,0
2022-03-18,70,55,47,0.06
2022-03-19,55,46.6,44,0.08
2022-03-20,55,48,41,0.46
2022-03-21,53,45,37,0
2022-03-22,49,39.5,31,0
2022-03-23,46,37.6,29,0
2022-03-24,40,36.2,33,0.48
2022-03-25,55,42.4,36,0.61
2022-03-26,48,42.5,38,0
2022-03-27,42,36.3,25,0.14
2022-03-28,26,21.6,17,0
2022-03-29,34,24.6,15,0
2022-03-30,42,33.7,22,0
2022-03-31,61,48.8,36,0
2022-04-01,56,49.8,34,0.63
2022-04-02,49,40.2,34,0.17
2022-04-03,49,40.4,35,0
2022-04-04,51,41.6,34,0.12
2022-04-05,58,46.5,35,0
2022-04-06,45,43.2,41,0
2022-04-07,50,43.2,40,0.12
2022-04-08,57,47.3,42,1.28
2022-04-09,50,45.5,40,0
2022-04-10,48,41,35,0.11
2022-04-11,59,46.5,35,0
2022-04-12,65,53.8,47,0
2022-04-13,71,59.3,47,0.05
2022-04-14,55,47.9,44,0
2022-04-15,62,52.9,44,0.22
2022-04-16,65,51.5,40,0
2022-04-17,43,39,35,0.29
2022-04-18,55,43.2,29,0.01
2022-04-19,50,42.6,38,1.03
2022-04-20,52,43.8,37,0.03
2022-04-21,57,48.1,40,0
2022-04-22,60,52.2,43,0.01
2022-04-23,61,51.8,42,0
2022-04-24,51,47.2,44,0
2022-04-25,63,51.5,41,0
2022-04-26,52,49.6,46,0
2022-04-27,52,47.3,38,0.19
2022-04-28,48,41.3,36,0
2022-04-29,53,44.1,34,0
2022-04-30,58,48.3,37,0
2022-05-01,67,54.7,42,0
2022-05-02,54,47.8,43,0
2022-05-03,54,47.2,44,0.27
2022-05-04,52,49.1,46,0.02
2022-05-05,67,57.6,50,0.09
2022-05-06,61,56.4,51,0
2022-05-07,51,46.6,41,0
2022-05-08,53,45.7,40,0
2022-05-09,58,48.8,39,0
2022-05-10,61,52.3,43,0
2022-05-11,68,56.4,45,0
2022-05-12,76,60.2,51,0
2022-05-13,79,65.3,60,0
2022-05-14,81,70,64,0
2022-05-15,77,67.3,63,0
2022-05-16,79,66.7,61,0.4
2022-05-17,67,59,52,0.77
2022-05-18,69,58.3,48,0
2022-05-19,57,52.7,50,0.07
2022-05-20,74,61.8,51,0.11
2022-05-21,87,68.2,59,0.03
2022-05-22,89,76.9,67,0
2022-05-23,71,62.9,56,0.15
2022-05-24,63,56.6,51,0
2022-05-25,70,58.5,48,0
2022-05-26,68,58.8,48,0
2022-05-27,77,65.8,60,0
2022-05-28,70,64.5,60,0.14
2022-05-29,74,64.6,53,0.37
2022-05-30,83,71.5,56,0
2022-05-31,82,68.1,56,0
2022-06-01,62,57.2,54,0
2022-06-02,71,58.4,53,0.01
2022-06-03,68,59.7,55,0
2022-06-04,78,62.2,55,0
2022-06-05,72,61.8,50,0
2022-06-06,78,68,58,0
2022-06-07,76,66.8,57,0
2022-06-08,75,65.8,61,0.52
2022-06-09,78,65.6,58,0.85
2022-06-10,73,64,54,0.62
2022-06-11,73,64.4,57,0
2022-06-12,72,65.2,55,0
2022-06-13,80,70.4,64,0.12
2022-06-14,78,69.5,61,0
2022-06-15,74,66.9,60,0
2022-06-16,71,64.1,57,0
2022-06-17,79,68.8,62,0
2022-06-18,67,59.5,49,0.25
2022-06-19,61,53.9,48,0.38
2022-06-20,74,64,51,0
2022-06-21,73,64.5,54,0
2022-06-22,64,60.5,58,0
2022-06-23,72,61.4,55,0.01
2022-06-24,77,67.6,58,0
2022-06-25,85,75.2,65,0
2022-06-26,87,77.4,68,0
2022-06-27,72,68.9,65,0
2022-06-28,76,66.1,54,0.4
2022-06-29,79,70.3,61,0
2022-06-30,77,69.2,61,0
2022-07-01,86,75.4,62,0
2022-07-02,81,71.3,68,0.32
2022-07-03,80,70.6,64,0.69
2022-07-04,78,70.6,61,0
2022-07-05,72,66.9,63,0
2022-07-06,78,71.7,66,0.34
2022-07-07,78,66.3,0,0
2022-07-08,81,70.9,60,0
2022-07-09,79,71.1,64,0
2022-07-10,77,67.4,59,0
2022-07-11,80,69.5,56,0
2022-07-12,84,71.6,62,0
2022-07-13,83,74,67,0.03
2022-07-14,80,67.8,0,0.88
2022-07-15,79,71.2,63,0
2022-07-16,78,70.6,62,0
2022-07-17,83,71.3,66,0
2022-07-18,75,71.4,66,0
2022-07-19,85,74.4,69,0.93
2022-07-20,89,76.8,0,0
2022-07-21,88,79.2,70,0
2022-07-22,87,79.1,70,0
2022-07-23,89,79.8,72,0
2022-07-24,91,81.8,69,0
2022-07-25,84,77.8,71,0
2022-07-26,74,68.6,63,0.01
2022-07-27,79,71.5,62,0
2022-07-28,83,74.3,65,0
2022-07-29,84,76.2,68,0.34
2022-07-30,80,73.7,67,0
2022-07-31,81,72.1,63,0
2022-08-01,77,70.2,66,0.1
2022-08-02,85,74.5,66,0
2022-08-03,84,75.2,68,0
2022-08-04,91,79.5,67,0
2022-08-05,88,78.4,73,0
2022-08-06,92,81.1,71,0.07
2022-08-07,91,79.5,74,0
2022-08-08,91,80.2,73,0.4
2022-08-09,90,80.5,68,0.02
2022-08-10,80,69.9,65,0
2022-08-11,80,68.9,64,0
2022-08-12,78,69.6,63,0
2022-08-13,74,65.6,58,0
2022-08-14,78,68.6,58,0
2022-08-15,81,71.1,62,0
2022-08-16,78,69.1,60,0
2022-08-17,76,67.1,63,0
2022-08-18,79,68.5,59,0.06
2022-08-19,86,74,62,0
2022-08-20,88,75.5,66,0
2022-08-21,83,69.2,62,0.01
2022-08-22,70,66.2,62,0
2022-08-23,73,68.1,65,0.58
2022-08-24,82,69.6,64,0.92
2022-08-25,86,76.4,69,0
2022-08-26,84,71.9,68,0
2022-08-27,79,71.1,64,0.51
2022-08-28,77,68.9,64,0
2022-08-29,83,71.1,64,0
2022-08-30,85,74.7,69,0
2022-08-31,78,70.4,64,0.24
2022-09-01,72,66.2,59,0
2022-09-02,73,62.5,51,0
2022-09-03,75,65.5,56,0
2022-09-04,82,71.3,60,0
2022-09-05,70,64.2,61,0
2022-09-06,62,60.2,58,2.16
2022-09-07,67,61.2,57,1.46
2022-09-08,72,62.5,57,0
2022-09-09,77,66.3,57,0
2022-09-10,80,72,64,0
2022-09-11,72,67.8,64,0
2022-09-12,75,67.5,63,0.02
2022-09-13,73,68,65,0.03
2022-09-14,73,64,56,0.27
2022-09-15,66,59.3,53,0
2022-09-16,68,58.3,50,0
2022-09-17,67,58.3,51,0
2022-09-18,78,67.5,57,0
2022-09-19,67,61.7,59,0.14
2022-09-20,64,60.3,57,0.61
2022-09-21,67,58.7,55,0.2
2022-09-22,66,62.2,51,0
2022-09-23,56,49.4,44,1.02
2022-09-24,64,52.4,42,0
2022-09-25,64,57.3,48,0
2022-09-26,68,59.8,56,0.04
2022-09-27,68,58.4,52,0.19
2022-09-28,65,57.7,50,0
2022-09-29,61,54.2,49,0
2022-09-30,58,51.1,44,0
2022-10-01,54,51.7,49,0
2022-10-02,53,49,44,0.02
2022-10-03,50,46.8,43,0
2022-10-04,53,49.1,45,0
2022-10-05,57,53.6,50,0.91
2022-10-06,72,60.7,52,0.33
2022-10-07,72,61.8,51,0
2022-10-08,54,47.4,41,0
2022-10-09,57,46.5,34,0
2022-10-10,61,51.1,45,0
2022-10-11,62,52.8,43,0.02
2022-10-12,68,58.8,51,0
2022-10-13,63,58.8,53,0.04
2022-10-14,63,59.1,51,1.17
2022-10-15,66,55.7,48,0.06
2022-10-16,65,55,47,0
2022-10-17,54,52,49,0
2022-10-18,57,52.3,42,0.66
2022-10-19,51,43.3,37,0.17
2022-10-20,53,44.3,35,0
2022-10-21,60,48.3,39,0
2022-10-22,65,53.2,42,0
2022-10-23,58,52.2,48,0
2022-10-24,56,52.8,49,0.07
2022-10-25,63,60.3,56,0.07
2022-10-26,66,62.1,60,0.3
2022-10-27,62,57,44,0.62
2022-10-28,51,43.2,38,0
2022-10-29,58,47.8,38,0
2022-10-30,67,54.3,45,0
2022-10-31,65,55.2,45,0
2022-11-01,38,35,31,0.86
2022-11-02,43,35.4,27,0
2022-11-03,55,49.4,38,0
2022-11-04,39,34.7,30,0.47
2022-11-05,46,37,28,0
2022-11-06,53,46.3,39,0
2022-11-07,57,54.3,48,0.89
2022-11-08,54,45.7,34,0.38
2022-11-09,46,37,32,0
2022-11-10,34,30.3,28,0
2022-11-11,29,24.3,22,0
2022-11-12,34,25.3,21,0.18
2022-11-13,37,28.5,21,0
2022-11-14,34,27.8,20,0
2022-11-15,39,35.8,33,0
2022-11-16,41,38.3,34,0.62
2022-11-17,40,35.1,32,1.06
2022-11-18,36,31.3,28,0
2022-11-19,36,30.7,27,0
2022-11-20,36,30,26,0
2022-11-21,37,29.3,22,0
2022-11-22,42,34.8,29,0
2022-11-23,56,42.8,12,1.61
2022-11-24,14,9.3,5,0.52
2022-11-25,24,16,9,0
2022-11-26,29,21.9,15,0
2022-11-27,32,26,23,0
2022-11-28,40,31.9,20,0
2022-11-29,52,40.5,35,0
2022-11-30,62,49.8,39,0
2022-12-01,38,35,31,0.86
2022-12-02,43,35.4,27,0
2022-12-03,55,49.4,38,0
2022-12-04,39,34.7,30,0.47
2022-12-05,46,37,28,0
2022-12-06,53,46.3,39,0
2022-12-07,57,54.3,48,0.89
2022-12-08,54,45.7,34,0.38
2022-12-09,46,37,32,0
2022-12-10,34,30.3,28,0
2022-12-11,29,24.3,22,0
2022-12-12,34,25.3,21,0.18
2022-12-13,37,28.5,21,0
2022-12-14,34,27.8,20,0
2022-12-15,39,35.8,33,0
2022-12-16,41,38.3,34,0.62
2022-12-17,40,35.1,32,1.06
2022-12-18,36,31.3,28,0
2022-12-19,36,30.7,27,0
2022-12-20,36,30,26,0
2022-12-21,37,29.3,22,0
2022-12-22,42,34.8,29,0
2022-12-23,56,42.8,12,1.61
2022-12-24,14,9.3,5,0.52
2022-12-25,24,16,9,0
2022-12-26,29,21.9,15,0
2022-12-27,32,26,23,0
2022-12-28,40,31.9,20,0
2022-12-29,52,40.5,35,0
2022-12-30,62,49.8,39,0
2022-12-31,53,51.3,48,0
2023-01-01,53,46.2,38,0.38
2023-01-02,48,40.5,36,0
2023-01-03,40,38.4,37,0
2023-01-04,45,41.4,39,0.59
2023-01-05,43,38,33,0.26
2023-01-06,34,32.8,32,0.01
2023-01-07,38,33.9,29,0.41
2023-01-08,36,27.8,21,0
2023-01-09,37,31.6,27,0
2023-01-10,38,33.4,25,0
2023-01-11,32,25.7,19,0
2023-01-12,42,31.5,27,0
2023-01-13,56,48.5,34,1.03
2023-01-14,33,29.9,29,0.12
2023-01-15,36,31.5,29,0
2023-01-16,31,29.4,28,0.03
2023-01-17,44,36.7,29,0.06
2023-01-18,47,40.8,38,0.01
2023-01-19,38,34.3,33,0.01
2023-01-20,34,32.1,29,1.08
2023-01-21,31,28.9,27,0.2
2023-01-22,32,30.5,26,0
2023-01-23,34,32.2,28,0.83
2023-01-24,34,31.6,27,0.28
2023-01-25,33,31.1,28,0
2023-01-26,45,39.1,31,1.13
2023-01-27,37,31.3,27,0
2023-01-28,46,36.7,27,0
2023-01-29,49,41.9,35,0
2023-01-30,47,40.4,34,0
2023-01-31,37,30.3,21,0.04
2023-02-01,29,22.3,17,0
2023-02-02,35,26.4,17,0
2023-02-03,29,11.8,-10,0
2023-02-04,15,1,-13,0
2023-02-05,47,34.2,15,0
2023-02-06,46,38.3,30,0
2023-02-07,36,30.1,23,0
2023-02-08,44,37.5,33,0.05
2023-02-09,45,40,33,0
2023-02-10,56,48.5,39,0.01
2023-02-11,41,34.5,29,0
2023-02-12,47,37.8,29,0
2023-02-13,43,37.3,33,0
2023-02-14,48,40.8,33,0
2023-02-15,58,47.3,35,0
2023-02-16,57,53.5,49,0
2023-02-17,57,44.8,22,0.02
2023-02-18,36,27.4,19,0.11
2023-02-19,46,37,26,0
2023-02-20,55,47.4,41,0
2023-02-21,40,34.2,32,0.14
2023-02-22,37,32.8,28,0.08
2023-02-23,32,26.9,23,0.68
2023-02-24,33,27.7,17,0.07
2023-02-25,18,15.8,11,0
2023-02-26,33,25.5,17,0.05
2023-02-27,32,26.7,22,0.01
2023-02-28,33,28.9,23,0.22
2023-03-01,40,33.7,25,0.21
2023-03-02,41,35.3,33,0.39
2023-03-03,42,34.8,30,0.12
2023-03-04,34,32.2,29,0.47
2023-03-05,41,34.9,27,0.16
2023-03-06,44,37.8,32,0
2023-03-07,35,30.8,26,0
2023-03-08,43,34.4,25,0
2023-03-09,46,37.5,30,0
2023-03-10,47,38.2,28,0
2023-03-11,36,33.8,32,0.2
2023-03-12,33,33,33,0
2023-03-13,39,34.7,32,0
2023-03-14,35,33.1,32,1.45
2023-03-15,38,33.6,32,0.75
2023-03-16,46,37.5,28,0
2023-03-17,51,44.4,38,0
2023-03-18,49,42.2,34,0
2023-03-19,33,29.3,25,0
2023-03-20,48,35.3,23,0
2023-03-21,55,44.7,32,0
2023-03-22,60,47.4,37,0
2023-03-23,59,50.5,45,0
2023-03-24,50,43.3,37,0.04
2023-03-25,38,35.6,32,0
2023-03-26,54,42.1,37,0.2
2023-03-27,56,45.2,34,0
2023-03-28,46,38.5,36,0.38
2023-03-29,50,40.6,29,0
2023-03-30,38,32,26,0
2023-03-31,49,36.1,25,0
2023-04-01,63,46.9,35,0.2
2023-04-02,50,40.6,33,0.41
2023-04-03,53,41.6,29,0
2023-04-04,66,51.9,41,0
2023-04-05,48,40.5,36,0
2023-04-06,68,46,36,0
2023-04-07,52,45.5,38,0
2023-04-08,49,39.6,29,0
2023-04-09,52,41.8,32,0
2023-04-10,63,49.3,35,0
2023-04-11,72,61.5,48,0
2023-04-12,72,65,58,0
2023-04-13,86,72.7,56,0
2023-04-14,89,74.6,59,0
2023-04-15,74,61.4,48,0
2023-04-16,59,54.6,51,0
2023-04-17,54,51.6,48,0
2023-04-18,51,47.5,45,0.06
2023-04-19,44,41.4,37,0
2023-04-20,64,49.1,35,0
2023-04-21,66,50.8,42,0
2023-04-22,54,47.2,44,0
2023-04-23,50,46.8,44,1.09
2023-04-24,55,48.3,43,1.18
2023-04-25,56,48.1,41,0
2023-04-26,55,46.7,42,0
2023-04-27,55,45.9,41,0
2023-04-28,60,51.3,44,0
2023-04-29,52,47.3,45,0
2023-04-30,52,47.2,46,0.54
2023-05-01,58,53.7,46,1.69
2023-05-02,52,45.9,43,0.13
2023-05-03,51,45.5,39,0.26
2023-05-04,48,43.9,40,0.2
2023-05-05,59,49,44,0
2023-05-06,70,59.3,48,0.01
2023-05-07,74,63.7,53,0
2023-05-08,70,61.7,54,0.03
2023-05-09,63,54.5,46,0
2023-05-10,69,57.3,43,0
2023-05-11,76,65.7,55,0
2023-05-12,81,69.3,58,0
2023-05-13,78,68.9,59,0
2023-05-14,64,56,47,0
2023-05-15,69,58.8,46,0
2023-05-16,77,64.1,56,0
2023-05-17,62,49.5,39,0
2023-05-18,61,48.8,35,0
2023-05-19,66,55,43,0
2023-05-20,64,59.9,48,0
2023-05-21,70,61.8,53,1.53
2023-05-22,66,59.7,50,0
2023-05-23,67,56.5,47,0
2023-05-24,74,58.7,48,0
2023-05-25,63,53,45,0.17
2023-05-26,70,58.6,46,0
2023-05-27,77,65.3,50,0
2023-05-28,83,70.9,58,0
2023-05-29,71,63.5,52,0
2023-05-30,70,57.8,44,0
2023-05-31,79,65.2,48,0
2023-06-01,88,73.7,57,0
2023-06-02,88,72.2,59,0
2023-06-03,59,50,45,0.13
2023-06-04,54,48.5,45,0
2023-06-05,63,54.4,48,0.07
2023-06-06,72,61.8,54,0
2023-06-07,61,56,50,0
2023-06-08,62,54.9,50,0
2023-06-09,65,57,49,0
2023-06-10,67,58.5,50,0.37
2023-06-11,78,68.7,56,0.08
2023-06-12,78,66.8,59,0
2023-06-13,78,67.6,63,0.15
2023-06-14,75,62.6,56,0.01
2023-06-15,74,64.2,56,0.18
2023-06-16,77,67.9,62,0
2023-06-17,66,60.3,57,0.03
2023-06-18,73,63.1,56,1.38
2023-06-19,69,63.3,54,0
2023-06-20,71,62.7,57,0.01
2023-06-21,69,60.7,55,0.06
2023-06-22,73,61.2,54,0
2023-06-23,77,67.7,58,0
2023-06-24,73,69.8,66,0
2023-06-25,82,73.9,68,0.52
2023-06-26,79,71,66,0
2023-06-27,74,68.8,66,0.81
2023-06-28,76,69.1,65,0.02
2023-06-29,76,68.1,61,0.91
2023-06-30,81,72.2,64,0
2023-07-01,79,68,63,0
2023-07-02,75,67,62,0.27
2023-07-03,79,68.2,63,3.21
2023-07-04,73,70.6,69,0.44
2023-07-05,87,74.2,68,0.13
2023-07-06,88,80.1,72,0
2023-07-07,84,74.9,67,0
2023-07-08,85,76.6,72,0
2023-07-09,79,72.9,70,0
2023-07-10,75,69.6,64,0.13
2023-07-11,83,72.6,63,2.64
2023-07-12,87,77.1,69,0
2023-07-13,83,74.5,65,0.01
2023-07-14,78,69.8,65,0.79
2023-07-15,84,75.1,71,0.37
2023-07-16,76,73.6,72,0.3
2023-07-17,84,76.1,71,1.16
2023-07-18,82,71,0,0
2023-07-19,80,72.3,68,0.44
2023-07-20,82,74.3,67,0
2023-07-21,77,68.7,64,0
2023-07-22,79,67.5,61,1.23
2023-07-23,81,73.3,65,0
2023-07-24,81,74.3,67,0
2023-07-25,80,71.3,66,0
2023-07-26,83,73.4,64,0.38
2023-07-27,86,74.3,66,0
2023-07-28,86,78,70,0
2023-07-29,83,74.3,64,0
2023-07-30,73,64.8,57,0.8
2023-07-31,77,67.6,60,0
2023-08-01,72,66.8,60,0
2023-08-02,73,72,71,0
2023-08-03,76,70.1,63,0
2023-08-04,74,68.1,63,0
2023-08-05,80,70.8,65,0
2023-08-06,79,71.3,64,0
2023-08-07,69,66.2,63,0
2023-08-08,81,73.5,65,0
2023-08-09,79,69.7,65,0.23
2023-08-10,77,69.5,64,0
2023-08-11,77,68.7,63,1.34
2023-08-12,80,70.8,59,0
2023-08-13,82,73.5,67,0.02
2023-08-14,79,71.3,62,0.04
2023-08-15,70,66.4,64,0.54
2023-08-16,68,65.2,64,0.41
2023-08-17,73,66.9,65,0.03
2023-08-18,80,68.7,62,0.01
2023-08-19,68,63.2,57,1.12
2023-08-20,78,68.9,59,0
2023-08-21,82,72.7,65,0
2023-08-22,77,67.7,59,0.03
2023-08-23,73,65.9,60,0
2023-08-24,72,64.3,60,0
2023-08-25,70,66.2,61,1.15
2023-08-26,81,71.4,69,0.38
2023-08-27,75,69,65,0
2023-08-28,74,67.5,61,0
2023-08-29,76,70,63,0
2023-08-30,78,69.5,63,0.1
2023-08-31,72,64.1,58,0.14
2023-09-01,72,62.9,56,0
2023-09-02,76,65.3,54,0
2023-09-03,81,71,61,0
2023-09-04,85,76.5,69,0
2023-09-05,85,78.9,73,0
2023-09-06,87,79.8,74,0
2023-09-07,90,80.2,74,0
2023-09-08,82,74.1,67,0
2023-09-09,82,72.8,66,0.18
2023-09-10,78,69.7,68,0.01
2023-09-11,78,69.1,66,0.72
2023-09-12,77,68.3,65,2.5
2023-09-13,69,66.5,64,0
2023-09-14,71,62.6,59,0
2023-09-15,64,58.5,53,0
2023-09-16,69,61.9,57,0
2023-09-17,74,62.8,53,0
2023-09-18,63,61.9,61,0.1
2023-09-19,67,61.3,56,1.5
2023-09-20,69,59.6,52,0
2023-09-21,70,61.7,52,0
2023-09-22,66,58.9,52,0
2023-09-23,57,53.2,51,0
2023-09-24,58,55.8,53,0.09
2023-09-25,58,55.3,53,0.67
2023-09-26,59,53.8,49,0.14
2023-09-27,64,55.2,48,0
2023-09-28,66,54,48,0
2023-09-29,54,50.7,48,0.18
2023-09-30,59,54.1,50,2.09
2023-10-01,73,64.2,55,0
2023-10-02,70,63.4,55,0
2023-10-03,79,67.8,53,0
2023-10-04,81,73.4,65,0
2023-10-05,75,64.1,58,0
2023-10-06,67,62.7,60,0
2023-10-07,68,61.9,53,0.69
2023-10-08,59,51.6,47,0.66
2023-10-09,57,49.4,41,0
2023-10-10,60,51.9,43,0
2023-10-11,64,54.8,47,0
2023-10-12,65,56.7,49,0
2023-10-13,59,51.3,44,0
2023-10-14,55,50.4,46,0
2023-10-15,57,49.7,45,0
2023-10-16,56,49.9,45,0.01
2023-10-17,57,51.6,44,0.15
2023-10-18,60,53.3,49,0
2023-10-19,61,53,48,0.02
2023-10-20,62,54.8,50,0
2023-10-21,59,56,52,0.23
2023-10-22,52,48.5,42,1.18
2023-10-23,57,48,42,0
2023-10-24,58,49.9,42,0
2023-10-25,73,60,48,0
2023-10-26,75,66.9,62,0
2023-10-27,75,66.6,62,0
2023-10-28,78,66.5,56,0
2023-10-29,55,45.9,43,0
2023-10-30,49,46.5,43,0.65
2023-10-31,46,40.5,33,0.22
2023-11-01,42,37,32,0
2023-11-02,43,34.8,27,0
2023-11-03,53,43.8,34,0
2023-11-04,56,48.1,40,0
2023-11-05,57,49.7,42,0
2023-11-06,47,43.2,37,0
2023-11-07,63,51.6,44,0.06
2023-11-08,46,37.8,34,0
2023-11-09,42,36.2,33,0
2023-11-10,48,41.4,36,0.08
2023-11-11,46,39.3,30,0
2023-11-12,39,32,27,0
2023-11-13,41,32.4,24,0
2023-11-14,45,37.8,32,0.03
2023-11-15,47,40,29,0
2023-11-16,58,48.5,40,0
2023-11-17,61,50.6,39,0
2023-11-18,54,48,32,0
2023-11-19,48,37.8,30,0.04
2023-11-20,36,31.4,27,0
2023-11-21,37,32,25,0
2023-11-22,45,38.3,32,0.69
2023-11-23,47,42.1,39,0.27
2023-11-24,44,37.2,25,0
2023-11-25,35,27.2,20,0
2023-11-26,41,36.7,27,0
2023-11-27,48,42.1,32,0.29
2023-11-28,34,30.5,26,0.01
2023-11-29,31,27.1,22,0
2023-11-30,44,35.3,27,0
2023-12-01,51,42.9,36,0
2023-12-02,46,44,42,0.08
2023-12-03,44,40,36,0.01
2023-12-04,49,40.1,37,0.82
2023-12-05,37,32.9,28,0.03
2023-12-06,34,29.1,23,0
2023-12-07,29,24.3,19,0
2023-12-08,40,35.1,27,0
2023-12-09,49,43.3,35,0
2023-12-10,60,50.7,44,0
2023-12-11,59,42.2,32,2.38
2023-12-12,39,34.3,32,0.04
2023-12-13,40,33.6,28,0
2023-12-14,32,27.8,23,0
2023-12-15,53,41.8,28,0
2023-12-16,50,41.6,36,0
2023-12-17,54,43.2,36,0
2023-12-18,61,54.8,42,1.26
2023-12-19,42,36.3,29,2
2023-12-20,41,32.9,27,0
2023-12-21,33,28.4,20,0
2023-12-22,34,25.1,16,0
2023-12-23,39,32.2,24,0
2023-12-24,44,39.5,34,0
2023-12-25,51,42.5,35,0.07
2023-12-26,53,43.4,38,0
2023-12-27,53,48,45,0
2023-12-28,45,42,39,0.34
2023-12-29,45,41.2,39,0.28
2023-12-30,42,37.8,33,0.02
2023-12-31,35,32.4,31,0.06
2024-01-01,36,31.8,24,0
2024-01-02,38,28.8,21,0
2024-01-03,38,33,28,0
2024-01-04,39,31.5,20,0.01
2024-01-05,30,24.6,17,0
2024-01-06,32,29.3,24,0
2024-01-07,32,25.2,22,0.63
2024-01-08,34,27.8,24,0.34
2024-01-09,40,30.3,22,0
2024-01-10,51,46,39,2.64
2024-01-11,39,36.8,34,0.05
2024-01-12,44,37.3,32,0
2024-01-13,55,42.5,35,0.8
2024-01-14,35,28.7,22,0.54
2024-01-15,27,22.3,16,0
2024-01-16,26,22.9,18,0.06
2024-01-17,22,17.3,13,0.4
2024-01-18,26,19.5,14,0
2024-01-19,25,21.4,15,0
2024-01-20,17,12.4,9,0
2024-01-21,24,15.3,8,0.03
2024-01-22,33,25.9,15,0
2024-01-23,36,32.6,30,0
2024-01-24,39,32.5,29,0.2
2024-01-25,51,45.1,38,0.89
2024-01-26,37,35.6,34,0.39
2024-01-27,38,35.1,33,0.22
2024-01-28,36,33.2,32,0.02
2024-01-29,33,31.1,29,0.91
2024-01-30,29,25.8,23,0.04
2024-01-31,31,26.6,23,0.01
2024-02-01,36,33.7,30,0
2024-02-02,38,35.8,32,0
2024-02-03,36,30.1,26,0.01
2024-02-04,38,29.3,20,0
2024-02-05,38,29.9,23,0
2024-02-06,36,29.8,25,0
2024-02-07,40,33.5,27,0
2024-02-08,46,37.3,29,0
2024-02-09,48,36.2,31,0
2024-02-10,57,46.3,39,0
2024-02-11,45,39.7,33,0.05
2024-02-12,43,35.8,31,0
2024-02-13,32,30.5,27,0.01
2024-02-14,29,26.5,22,0.27
2024-02-15,34,26.4,20,0
2024-02-16,33,30,26,0.01
2024-02-17,30,25.8,21,0.01
2024-02-18,31,24.9,16,0.01
2024-02-19,32,27.5,21,0
2024-02-20,35,25.6,17,0
2024-02-21,37,28.9,21,0
2024-02-22,39,30.3,21,0
2024-02-23,42,37.2,34,0.18
2024-02-24,41,31.2,18,0.08
2024-02-25,36,24.4,13,0
2024-02-26,52,38.7,27,0
2024-02-27,61,47.3,35,0
2024-02-28,54,48.1,33,0.35
2024-02-29,33,25.4,22,0
2024-03-01,40,29.5,20,0
2024-03-02,45,41,31,0
2024-03-03,60,48,42,1.69
2024-03-04,54,45,39,0
2024-03-05,41,39.1,37,0
2024-03-06,51,44.9,39,0.24
2024-03-07,45,43,39,1.45
2024-03-08,49,40,34,0.24
2024-03-09,38,34.8,32,0
2024-03-10,37,36.8,36,0
2024-03-11,40,33.9,28,0
2024-03-12,53,43.5,35,0
2024-03-13,62,47.9,36,0
2024-03-14,66,49.1,37,0
2024-03-15,44,41.6,39,0
2024-03-16,53,40.4,31,0
2024-03-17,55,44.2,38,0.1
2024-03-18,44,38.3,33,0.01
2024-03-19,40,34.8,30,0
2024-03-20,47,35.9,29,0.01
2024-03-21,33,27.6,23,0.07
2024-03-22,36,29,21,0
2024-03-23,35,31.5,29,0.34
2024-03-24,37,28.8,21,1.66
2024-03-25,41,33.2,26,0
2024-03-26,40,34.4,31,0
2024-03-27,56,42.8,33,0.01
2024-03-28,52,48.5,43,0.87
2024-03-29,49,41,36,0.72
2024-03-30,53,43,35,0
2024-03-31,54,46.4,40,0
2024-04-01,54,46.1,38,0
2024-04-02,48,41.9,39,0
2024-04-03,39,36.1,33,0.14
2024-04-04,35,33.1,32,1.35
2024-04-05,40,35.6,31,0.32
2024-04-06,43,37.8,34,0
2024-04-07,47,38.9,35,0.04
2024-04-08,63,51.8,38,0
2024-04-09,70,57.4,47,0
2024-04-10,63,51.1,39,0
2024-04-11,53,47,44,0
2024-04-12,61,57.6,49,1.38
2024-04-13,49,45.2,43,0.56
2024-04-14,53,48.3,41,0.01
2024-04-15,69,56.1,47,0.03
2024-04-16,64,54.3,44,0
2024-04-17,62,50.9,43,0
2024-04-18,45,42.8,41,0
2024-04-19,58,46.5,41,0.15
2024-04-20,58,48.5,41,0.2
2024-04-21,47,42.2,36,0.03
2024-04-22,54,44.8,33,0
2024-04-23,62,50.5,41,0
2024-04-24,60,47.5,35,0
2024-04-25,54,41.9,30,0.02
2024-04-26,58,47,37,0
2024-04-27,63,50.3,37,0
2024-04-28,69,53.1,42,0.06
2024-04-29,73,64.5,58,0
2024-04-30,60,53.4,47,0.08
2024-05-01,56,48.4,44,0.1
2024-05-02,76,53.8,46,0
2024-05-03,59,51,47,0
2024-05-04,59,52.1,45,0
2024-05-05,50,45.2,43,0
2024-05-06,71,57.4,47,0.58
2024-05-07,76,67,59,0
2024-05-08,61,56.2,52,0
2024-05-09,64,55.4,48,0.67
2024-05-10,57,49.8,45,0
2024-05-11,55,48.6,42,0
2024-05-12,57,50.4,42,0
2024-05-13,68,57.8,48,0.02
2024-05-14,77,63.8,51,0
2024-05-15,68,61.5,57,0.01
2024-05-16,64,56.5,53,0.99
2024-05-17,70,58.6,52,0.31
2024-05-18,56,54,53,0
2024-05-19,62,55.1,53,2.01
2024-05-20,72,59.3,52,0
2024-05-21,85,70,56,0
2024-05-22,86,74,64,0
2024-05-23,77,68,62,0.2
2024-05-24,80,70.2,58,1.53
2024-05-25,77,66,52,0
2024-05-26,80,70.3,61,0
2024-05-27,71,65.8,60,0
2024-05-28,77,68.4,61,0.66
2024-05-29,73,65.2,57,0
2024-05-30,62,54.7,50,0.65
2024-05-31,74,64.1,54,0.36
2024-06-01,79,68,55,0
2024-06-02,80,68.5,53,0
2024-06-03,82,73,64,0
2024-06-04,77,67.7,58,0
2024-06-05,82,69.8,60,0
2024-06-06,73,68.3,66,0
2024-06-07,81,68.1,59,0.06
2024-06-08,69,62.2,54,0.01
2024-06-09,66,59.1,54,0
2024-06-10,70,61.7,53,0.18
2024-06-11,70,61.8,53,0
2024-06-12,76,66.8,58,0
2024-06-13,81,69.3,55,0
2024-06-14,80,69.4,62,0
2024-06-15,74,66.7,59,0.52
2024-06-16,72,63,55,0
2024-06-17,79,68.3,56,0
2024-06-18,90,77.7,65,0
2024-06-19,90,78.7,69,0
2024-06-20,90,78.3,69,0
2024-06-21,85,72.2,64,0.1
2024-06-22,69,64.5,61,0.56
2024-06-23,86,69.5,61,0.33
2024-06-24,76,70.1,62,0.01
2024-06-25,84,73.6,62,0.01
2024-06-26,85,74.5,66,0
2024-06-27,79,68.9,61,0.56
2024-06-28,72,63.5,54,0
2024-06-29,72,65.4,59,0.01
2024-06-30,85,74.5,68,0.03
2024-07-01,77,70,63,0.06
2024-07-02,81,72.2,65,0
2024-07-03,80,71.3,61,0
2024-07-04,79,70.8,63,0
2024-07-05,81,73.9,70,0.19
2024-07-06,82,75.3,72,0.08
2024-07-07,88,79.8,72,0.12
2024-07-08,88,80.5,72,0.01
2024-07-09,87,78.7,72,0
2024-07-10,87,77.3,73,0.02
2024-07-11,88,78.3,72,0.02
2024-07-12,83,76.6,67,0
2024-07-13,82,75.6,73,0.22
2024-07-14,86,77.8,71,0.04
2024-07-15,87,76.6,69,0.18
2024-07-16,89,78.2,70,0.04
2024-07-17,87,75.6,69,0.02
2024-07-18,83,73.8,68,0.41
2024-07-19,79,70.4,62,0
2024-07-20,81,72.8,64,0
2024-07-21,82,74.5,67,0
2024-07-22,81,74.2,66,0
2024-07-23,73,70.3,68,0.1
2024-07-24,70,67.7,66,0.06
2024-07-25,79,71.5,65,0.01
2024-07-26,80,70.6,59,0
2024-07-27,83,73.6,65,0
2024-07-28,81,73,63,0
2024-07-29,69,65.5,63,0.52
2024-07-30,85,73.3,68,0.2
2024-07-31,82,75.7,72,0
2024-08-01,88,77.7,71,0.3
2024-08-02,89,77.1,71,0
2024-08-03,85,77.1,74,0.99
2024-08-04,80,73.3,70,0.01
2024-08-05,86,74.9,68,0.19
2024-08-06,74,66.6,62,0.21
2024-08-07,68,60.8,57,0.59
2024-08-08,70,62.4,58,0
2024-08-09,81,70.6,62,0.14
2024-08-10,81,74.6,68,0.53
2024-08-11,78,69.6,62,0
2024-08-12,73,65,55,0
2024-08-13,76,67.6,59,0
2024-08-14,81,72.5,64,0
2024-08-15,81,69.9,63,0
2024-08-16,72,64.2,60,0.23
2024-08-17,76,68,65,0
2024-08-18,70,65.2,63,0.41
2024-08-19,77,69,66,0.32
2024-08-20,66,61,56,0.35
2024-08-21,69,60.4,53,0
2024-08-22,70,60.9,52,0
2024-08-23,76,66.9,56,0
2024-08-24,78,69.9,60,0
2024-08-25,79,71,61,0
2024-08-26,77,69.8,63,0
2024-08-27,81,71.7,64,0.01
2024-08-28,84,74.7,67,0
2024-08-29,72,65.2,59,0
2024-08-30,72,63.5,56,0
2024-08-31,74,66.3,59,0
2024-09-01,81,72,68,0
2024-09-02,74,67.3,57,0
2024-09-03,69,60.5,52,0
2024-09-04,77,66.7,56,0
2024-09-05,75,65.9,56,0
2024-09-06,73,61.6,57,0
2024-09-07,71,61.8,55,0
2024-09-08,64,55.8,50,0.03
2024-09-09,71,60.3,51,0
2024-09-10,73,62.8,54,0
2024-09-11,75,64.8,54,0
2024-09-12,78,66.7,58,0
2024-09-13,82,69.9,60,0
2024-09-14,82,72.1,64,0
2024-09-15,77,64.9,59,0
2024-09-16,80,66.9,57,0
2024-09-17,81,69.3,59,0
2024-09-18,78,69.3,62,0
2024-09-19,77,68.6,63,0
2024-09-20,65,62,59,0.03
2024-09-21,59,56.6,55,0.09
2024-09-22,63,56.8,54,0.35
2024-09-23,61,56,51,0
2024-09-24,62,55.2,50,0
2024-09-25,61,56.9,54,0
2024-09-26,67,61,55,0.01
2024-09-27,74,66,60,0.41
2024-09-28,71,61.6,58,0
2024-09-29,62,58,53,0
2024-09-30,71,62.5,54,0
2024-10-01,65,56.8,53,0
2024-10-02,64,56.1,52,0
2024-10-03,71,59.1,52,0
2024-10-04,71,59.9,53,0
2024-10-05,70,60.8,54,0
2024-10-06,68,57.5,47,0
2024-10-07,66,56.1,52,0
2024-10-08,61,52.9,47,0.37
2024-10-09,60,52.1,45,0
2024-10-10,55,47.9,42,0
2024-10-11,64,52.7,42,0
2024-10-12,67,59,51,0
2024-10-13,48,44.1,41,0
2024-10-14,55,46,40,0.19
2024-10-15,49,42.5,37,0.11
2024-10-16,54,44.2,38,0
2024-10-17,55,47.3,38,0
2024-10-18,64,53.8,47,0
2024-10-19,70,59,47,0
2024-10-20,72,60.4,47,0
2024-10-21,79,67.5,59,0
2024-10-22,79,68.3,57,0
2024-10-23,75,63.9,55,0
2024-10-24,66,59.5,48,0
2024-10-25,60,50.4,42,0
2024-10-26,61,51.7,42,0
2024-10-27,51,43.5,37,0
2024-10-28,50,42.5,37,0
2024-10-29,52,44.8,38,0
2024-10-30,71,55.4,48,0.08
2024-10-31,77,66.3,57,0
2024-11-01,76,64.7,51,0
2024-11-02,53,48.4,40,0
2024-11-03,50,41,34,0
2024-11-04,49,44.3,35,0
2024-11-05,73,60.5,50,0
2024-11-06,77,68.2,62,0
2024-11-07,65,57.5,44,0
2024-11-08,60,49.4,39,0
2024-11-09,49,42.5,38,0.02
2024-11-10,56,45.8,31,0
2024-11-11,63,56.4,50,0.16
2024-11-12,53,44.1,34,0
2024-11-13,44,36.4,30,0
2024-11-14,44,37,30,0
2024-11-15,55,45,32,0
2024-11-16,59,49.3,43,0
2024-11-17,62,51.5,44,0
2024-11-18,59,51.2,46,0
2024-11-19,54,47,42,0
2024-11-20,54,45.2,39,0
2024-11-21,45,43.5,42,0.03
2024-11-22,47,42.6,39,1.38
2024-11-23,45,41.3,39,0.44
2024-11-24,45,41.6,37,0.22
2024-11-25,47,39.5,34,0
2024-11-26,41,38.3,36,0
2024-11-27,45,37.9,31,0.12
2024-11-28,41,38.3,36,0.01
2024-11-29,42,35.7,32,0.48
2024-11-30,36,30.6,27,0
2024-12-01,33,27.4,22,0
2024-12-02,36,28.7,23,0
2024-12-03,33,27.6,22,0
2024-12-04,35,30.8,21,0
2024-12-05,36,33.4,31,0.46
2024-12-06,31,25.5,20,0.26
2024-12-07,33,26.9,18,0
2024-12-08,44,34.2,28,0.07
2024-12-09,44,38.7,33,0
2024-12-10,36,32.4,30,0.39
2024-12-11,61,46.3,33,0.25
2024-12-12,41,33.7,24,1.74
2024-12-13,28,23.7,18,0
2024-12-14,31,23.7,16,0
2024-12-15,32,26.5,18,0
2024-12-16,46,36.6,30,0
2024-12-17,55,49.6,39,0.51
2024-12-18,47,40.6,33,0
2024-12-19,39,35.4,29,0.44
2024-12-20,28,26.2,24,0
2024-12-21,25,21.6,13,0.09
2024-12-22,17,10.4,6,0
2024-12-23,23,16,5,0
2024-12-24,32,26.9,22,0
2024-12-25,33,26.4,23,0.04
2024-12-26,37,28,23,0
2024-12-27,40,31.4,22,0
2024-12-28,46,42.5,34,0.01
2024-12-29,54,46.1,40,0.03
2024-12-30,55,51.6,42,0.45
2024-12-31,50,41.4,36,0.28
2025-01-01,43,39.7,35,0.78
2025-01-02,38,33.9,30,0.04
2025-01-03,34,29.9,25,0
2025-01-04,28,24.6,21,0
2025-01-05,30,25.7,19,0
2025-01-06,22,17.7,13,0
2025-01-07,24,17.8,12,0
2025-01-08,24,19.1,15,0.01
2025-01-09,25,20,15,0
2025-01-10,39,28.7,21,0
2025-01-11,30,26.2,22,0.02
2025-01-12,35,27.2,23,0.12
2025-01-13,36,30.8,26,0
2025-01-14,28,24.3,20,0
2025-01-15,25,20.3,17,0
2025-01-16,27,21.4,13,0
2025-01-17,33,25.4,18,0
2025-01-18,39,35.8,26,0
2025-01-19,40,33.9,24,0.16
2025-01-20,22,16.1,8,0.29
2025-01-21,14,10.1,5,0
2025-01-22,18,11.2,6,0
2025-01-23,26,17.7,10,0
2025-01-24,29,20.4,15,0
2025-01-25,26,19.8,12,0
2025-01-26,35,29.7,22,0
2025-01-27,35,28.2,20,0
2025-01-28,33,27.9,20,0
2025-01-29,42,29.3,19,0.05
2025-01-30,24,20,16,0.02
2025-01-31,40,35.1,23,0
2025-02-01,32,26,11,0.56
2025-02-02,24,19.1,5,0.03
2025-02-03,41,30.3,23,0.18
2025-02-04,41,33.4,20,0.01
2025-02-05,26,19.1,15,0
2025-02-06,33,25.1,16,0
2025-02-07,36,30.8,20,0.32
2025-02-08,30,25,17,0
2025-02-09,30,25.1,22,0.46
2025-02-10,31,24.6,19,0.05
2025-02-11,29,22.5,15,0
2025-02-12,29,26.2,21,0
2025-02-13,37,32.1,28,0.39
2025-02-14,30,25.5,19,0.24
2025-02-15,26,21.9,17,0
2025-02-16,33,27.9,22,0.98
2025-02-17,25,20.8,15,0.91
2025-02-18,20,16.4,12,0
2025-02-19,26,18.9,13,0
2025-02-20,28,21.1,11,0
2025-02-21,31,22.8,17,0
2025-02-22,32,22.8,13,0
2025-02-23,38,30.9,25,0
2025-02-24,41,34.9,28,0
2025-02-25,48,39.9,34,0
2025-02-26,45,39.1,32,0
2025-02-27,43,37.2,31,0.08
2025-02-28,38,35.1,32,0.15
2025-03-01,49,34,18,0
2025-03-02,21,15.7,11,0.01
2025-03-03,28,18,7,0
2025-03-04,44,34.1,21,0
2025-03-05,51,46.9,38,0
2025-03-06,53,46.7,28,1.37
2025-03-07,35,29.7,23,0
2025-03-08,34,29.2,24,0
2025-03-09,26,25.5,25,0
2025-03-10,56,44.5,32,0
2025-03-11,60,48,37,0
2025-03-12,48,38.1,29,0
2025-03-13,45,34.3,30,0.02
2025-03-14,56,39.5,30,0
2025-03-15,61,42.9,35,0
2025-03-16,63,51.4,43,0.02
2025-03-17,58,50.6,36,1.12
2025-03-18,50,40.4,31,0.15
2025-03-19,60,44.7,36,0
2025-03-20,61,44.1,37,0.01
2025-03-21,45,40.5,35,0.1
2025-03-22,57,42.7,30,0
2025-03-23,39,30.7,24,0.04
2025-03-24,36,33.6,31,0
2025-03-25,46,39.5,34,0.77
2025-03-26,45,37.5,31,0
2025-03-27,44,35.2,26,0
2025-03-28,55,45.4,32,0
2025-03-29,47,33.2,29,0.04
2025-03-30,37,33,30,0.13
2025-03-31,57,50.3,36,0.01
2025-04-01,56,45,34,0.85
2025-04-02,44,34.4,27,0
2025-04-03,62,46.1,32,0.55
2025-04-04,62,57.6,48,0.13
2025-04-05,46,39.3,36,0
2025-04-06,50,40.8,36,0.63
2025-04-07,43,34.9,33,0.06
2025-04-08,36,32.3,25,0.08
2025-04-09,41,31.2,24,0.02
2025-04-10,48,38.4,29,0
2025-04-11,41,33.8,31,0.19
2025-04-12,33,31.6,30,0.75
2025-04-13,45,37,33,0.05
2025-04-14,64,51.2,39,0
2025-04-15,63,51.7,44,0
2025-04-16,44,39.1,36,0.09
2025-04-17,54,43.9,35,0
2025-04-18,64,51.3,36,0
2025-04-19,80,66.5,54,0
2025-04-20,64,54.2,46,0.09
2025-04-21,58,47.2,39,0
2025-04-22,71,53.9,43,0.35
2025-04-23,67,56.5,47,0
2025-04-24,74,58.9,46,0
2025-04-25,76,64.7,54,0
2025-04-26,62,58.3,47,0.4
2025-04-27,51,45.8,41,0.27
2025-04-28,71,58.8,46,0
2025-04-29,75,63.8,51,0
2025-04-30,67,60.6,53,0
2025-05-01,71,56,43,0
2025-05-02,77,57.4,48,0.16
2025-05-03,81,65.3,58,0
2025-05-04,71,60.4,53,0.22
2025-05-05,54,51.2,47,0.99
2025-05-06,59,53.4,48,0.67
2025-05-07,69,59,52,0.24
2025-05-08,71,60.6,54,0
2025-05-09,54,48.5,44,0.53
2025-05-10,61,49.6,44,1.13
2025-05-11,64,57,50,0.19
2025-05-12,71,59.4,47,0
2025-05-13,72,61.9,53,0
2025-05-14,72,60,50,0
2025-05-15,65,61.5,58,0.8
2025-05-16,76,66.2,61,0.31
2025-05-17,76,64.6,60,0
2025-05-18,62,57.8,52,0.14
2025-05-19,57,50.5,45,0.02
2025-05-20,56,48.5,43,0
2025-05-21,46,43.8,42,0.02
2025-05-22,43,42.1,41,0.06
2025-05-23,52,45.7,41,2.08
2025-05-24,56,50.5,46,0.13
2025-05-25,57,49.7,45,0.09
2025-05-26,68,57.5,46,0
2025-05-27,73,63.8,52,0
2025-05-28,73,55.8,0,0
2025-05-29,63,47.1,0,0
2025-05-30,70,62.9,57,0
2025-05-31,61,57,46,0.5
2025-06-01,59,49.9,46,0.22
2025-06-02,66,55.8,45,0
2025-06-03,74,63.3,50,0
2025-06-04,80,68.6,58,0
2025-06-05,89,77,64,0
2025-06-06,81,72.6,65,0
2025-06-07,68,64.3,58,0.11
2025-06-08,70,62.6,57,0.07
2025-06-09,61,57.2,55,0.02
2025-06-10,64,58.5,54,0.01
2025-06-11,76,67.2,55,0.07
2025-06-12,81,72,63,0
2025-06-13,73,64.6,58,0
2025-06-14,58,55.9,53,0
2025-06-15,66,58.5,52,0.04
2025-06-16,73,63.3,54,0
2025-06-17,65,62.1,58,0.04
2025-06-18,73,66.3,62,0.33
2025-06-19,87,72.9,67,0
2025-06-20,76,69.7,65,0
2025-06-21,82,71.5,60,0
2025-06-22,87,76.5,68,0.08
2025-06-23,92,81.8,72,0
2025-06-24,95,85.2,76,0
2025-06-25,88,82,74,0
2025-06-26,75,64.7,59,0
2025-06-27,72,64.1,58,0
2025-06-28,72,63.3,57,0.01
2025-06-29,80,71.3,65,0.03
2025-06-30,84,83,81,0